datetime,symbol,open,high,low,close,volume
1998-12-28 09:15:00,NSE:INDUSINDBK,21.5,22.25,21.25,22.1,32634.0
1999-01-04 09:15:00,NSE:INDUSINDBK,22.4,26.799999,21.549999,26.799999,188092.0
1999-01-11 09:15:00,NSE:INDUSINDBK,28.9,28.950001,26.0,27.25,102498.0
1999-01-18 09:15:00,NSE:INDUSINDBK,26.450001,28.950001,25.1,28.0,53621.0
1999-01-25 09:15:00,NSE:INDUSINDBK,27.0,27.9,25.049999,26.1,39132.0
1999-02-01 09:15:00,NSE:INDUSINDBK,24.4,26.549999,24.049999,24.15,45983.0
1999-02-08 09:15:00,NSE:INDUSINDBK,24.9,24.9,22.5,23.0,40396.0
1999-02-15 09:15:00,NSE:INDUSINDBK,23.15,24.85,21.0,21.950001,43654.0
1999-02-22 09:15:00,NSE:INDUSINDBK,22.0,23.0,20.65,22.5,38007.0
1999-03-01 09:15:00,NSE:INDUSINDBK,22.700001,26.049999,21.35,23.950001,146959.0
1999-03-08 09:15:00,NSE:INDUSINDBK,23.950001,24.25,19.0,20.0,188553.0
1999-03-15 09:15:00,NSE:INDUSINDBK,19.950001,20.9,19.0,20.15,92210.0
1999-03-22 09:15:00,NSE:INDUSINDBK,19.75,20.1,18.0,18.799999,105811.0
1999-03-29 09:15:00,NSE:INDUSINDBK,18.5,19.5,18.049999,19.0,28235.0
1999-04-05 09:15:00,NSE:INDUSINDBK,18.75,18.85,17.799999,17.799999,29944.0
1999-04-12 09:15:00,NSE:INDUSINDBK,17.75,20.0,17.299999,19.15,29606.0
1999-04-19 09:15:00,NSE:INDUSINDBK,17.200001,18.75,17.049999,18.0,21984.0
1999-04-26 09:15:00,NSE:INDUSINDBK,17.5,18.200001,16.0,18.200001,40995.0
1999-05-03 09:15:00,NSE:INDUSINDBK,17.6,19.25,17.25,18.5,39487.0
1999-05-10 09:15:00,NSE:INDUSINDBK,18.25,18.5,17.6,18.35,66233.0
1999-05-17 09:15:00,NSE:INDUSINDBK,18.4,23.950001,18.1,19.9,166446.0
1999-05-24 09:15:00,NSE:INDUSINDBK,20.0,20.0,17.049999,17.4,90569.0
1999-05-31 09:15:00,NSE:INDUSINDBK,17.5,18.25,17.25,17.85,54314.0
1999-06-07 09:15:00,NSE:INDUSINDBK,18.049999,18.4,17.5,17.700001,55931.0
1999-06-14 09:15:00,NSE:INDUSINDBK,17.5,18.1,17.299999,17.549999,48709.0
1999-06-21 09:15:00,NSE:INDUSINDBK,17.9,18.0,17.0,17.4,60334.0
1999-06-28 09:15:00,NSE:INDUSINDBK,17.15,18.200001,17.15,17.9,54912.0
1999-07-05 09:15:00,NSE:INDUSINDBK,17.799999,23.0,17.799999,22.799999,338528.0
1999-07-12 09:15:00,NSE:INDUSINDBK,22.15,24.5,20.5,22.0,496479.0
1999-07-19 09:15:00,NSE:INDUSINDBK,22.0,23.0,20.5,20.700001,194356.0
1999-07-26 09:15:00,NSE:INDUSINDBK,20.049999,20.5,17.15,19.85,170387.0
1999-08-02 09:15:00,NSE:INDUSINDBK,20.049999,21.5,18.0,18.049999,524714.0
1999-08-09 09:15:00,NSE:INDUSINDBK,18.950001,22.200001,17.0,20.65,635223.0
1999-08-16 09:15:00,NSE:INDUSINDBK,21.299999,30.4,21.299999,30.4,524210.0
1999-08-23 09:15:00,NSE:INDUSINDBK,32.849998,38.25,30.15,34.900002,3084550.0
1999-08-30 09:15:00,NSE:INDUSINDBK,36.700001,40.0,32.799999,34.799999,3334410.0
1999-09-06 09:15:00,NSE:INDUSINDBK,34.549999,36.900002,30.950001,34.700001,1805324.0
1999-09-13 09:15:00,NSE:INDUSINDBK,35.200001,35.5,30.700001,32.25,710257.0
1999-09-20 09:15:00,NSE:INDUSINDBK,32.450001,32.450001,29.5,31.4,518941.0
1999-09-27 09:15:00,NSE:INDUSINDBK,32.25,37.950001,31.0,34.799999,1131685.0
1999-10-04 09:15:00,NSE:INDUSINDBK,34.299999,36.900002,31.1,35.25,970968.0
1999-10-11 09:15:00,NSE:INDUSINDBK,36.299999,39.950001,33.799999,35.349998,1282371.0
1999-10-18 09:15:00,NSE:INDUSINDBK,35.299999,38.450001,33.5,34.0,601015.0
1999-10-25 09:15:00,NSE:INDUSINDBK,35.0,35.5,28.5,30.1,952474.0
1999-11-01 09:15:00,NSE:INDUSINDBK,31.299999,31.299999,25.5,27.450001,691626.0
1999-11-08 09:15:00,NSE:INDUSINDBK,27.0,28.25,26.15,27.0,256472.0
1999-11-15 09:15:00,NSE:INDUSINDBK,27.0,27.1,23.85,24.299999,285852.0
1999-11-22 09:15:00,NSE:INDUSINDBK,24.25,25.700001,23.799999,24.299999,280704.0
1999-11-29 09:15:00,NSE:INDUSINDBK,24.200001,29.0,23.549999,29.0,1004825.0
1999-12-06 09:15:00,NSE:INDUSINDBK,30.950001,33.0,27.049999,27.35,1315427.0
1999-12-13 09:15:00,NSE:INDUSINDBK,28.25,34.25,26.200001,32.849998,1207981.0
1999-12-20 09:15:00,NSE:INDUSINDBK,33.950001,35.5,28.200001,28.799999,1128704.0
1999-12-27 09:15:00,NSE:INDUSINDBK,28.0,28.799999,25.9,26.799999,405404.0
2000-01-03 09:15:00,NSE:INDUSINDBK,28.9,31.25,26.5,27.049999,606322.0
2000-01-10 09:15:00,NSE:INDUSINDBK,28.0,28.049999,25.65,25.950001,501554.0
2000-01-17 09:15:00,NSE:INDUSINDBK,27.950001,31.4,27.299999,30.299999,1288362.0
2000-01-24 09:15:00,NSE:INDUSINDBK,28.6,34.0,28.1,34.0,461967.0
2000-01-31 09:15:00,NSE:INDUSINDBK,36.5,46.349998,35.5,38.700001,2642846.0
2000-02-07 09:15:00,NSE:INDUSINDBK,38.900002,41.25,32.0,36.75,1749419.0
2000-02-14 09:15:00,NSE:INDUSINDBK,37.0,40.5,36.0,37.549999,1450905.0
2000-02-21 09:15:00,NSE:INDUSINDBK,38.849998,38.849998,32.549999,33.400002,698572.0
2000-02-28 09:15:00,NSE:INDUSINDBK,32.150002,37.0,31.799999,32.950001,753513.0
2000-03-06 09:15:00,NSE:INDUSINDBK,33.950001,33.950001,27.25,31.950001,528403.0
2000-03-13 09:15:00,NSE:INDUSINDBK,32.5,35.5,29.25,29.65,1084289.0
2000-03-20 09:15:00,NSE:INDUSINDBK,30.4,30.4,27.299999,27.75,132997.0
2001-07-02 09:15:00,NSE:INDUSINDBK,11.05,13.2,11.05,13.15,22733.0
2001-07-09 09:15:00,NSE:INDUSINDBK,12.8,13.0,12.3,12.8,43976.0
2001-07-16 09:15:00,NSE:INDUSINDBK,12.9,13.15,12.85,12.85,43722.0
2001-07-23 09:15:00,NSE:INDUSINDBK,13.25,13.25,12.5,12.9,42219.0
2001-07-30 09:15:00,NSE:INDUSINDBK,12.9,13.75,11.75,11.95,114852.0
2001-08-06 09:15:00,NSE:INDUSINDBK,12.15,12.15,11.7,11.85,50015.0
2001-08-13 09:15:00,NSE:INDUSINDBK,12.0,12.95,11.65,11.8,19002.0
2001-08-20 09:15:00,NSE:INDUSINDBK,11.65,11.65,11.15,11.2,34270.0
2001-08-27 09:15:00,NSE:INDUSINDBK,11.25,11.3,10.75,11.1,75729.0
2001-09-03 09:15:00,NSE:INDUSINDBK,11.05,12.75,10.9,11.45,52396.0
2001-09-10 09:15:00,NSE:INDUSINDBK,11.5,12.0,10.0,10.35,168650.0
2001-09-17 09:15:00,NSE:INDUSINDBK,10.3,10.95,8.5,10.05,85270.0
2001-09-24 09:15:00,NSE:INDUSINDBK,10.05,10.1,9.55,9.85,59642.0
2001-10-01 09:15:00,NSE:INDUSINDBK,9.95,10.9,9.5,9.65,52096.0
2001-10-08 09:15:00,NSE:INDUSINDBK,9.8,9.95,9.1,9.65,69376.0
2001-10-15 09:15:00,NSE:INDUSINDBK,9.75,10.4,9.65,10.15,56365.0
2001-10-22 09:15:00,NSE:INDUSINDBK,10.7,11.1,10.15,10.8,69416.0
2001-10-29 09:15:00,NSE:INDUSINDBK,11.0,11.45,10.55,11.1,80863.0
2001-11-05 09:15:00,NSE:INDUSINDBK,11.25,11.75,10.95,11.3,78204.0
2001-11-12 09:15:00,NSE:INDUSINDBK,10.75,12.5,10.75,11.6,159994.0
2001-11-19 09:15:00,NSE:INDUSINDBK,11.8,13.0,11.6,12.6,154285.0
2001-11-26 09:15:00,NSE:INDUSINDBK,12.5,13.5,11.75,12.05,99260.0
2001-12-03 09:15:00,NSE:INDUSINDBK,12.6,12.85,11.6,11.85,148980.0
2001-12-10 09:15:00,NSE:INDUSINDBK,11.8,12.25,11.35,11.5,91891.0
2001-12-17 09:15:00,NSE:INDUSINDBK,11.4,11.7,10.1,10.2,78147.0
2001-12-24 09:15:00,NSE:INDUSINDBK,10.0,10.4,9.8,10.2,46625.0
2001-12-31 09:15:00,NSE:INDUSINDBK,10.8,11.2,10.3,10.4,78271.0
2002-01-07 09:15:00,NSE:INDUSINDBK,10.9,10.9,10.2,10.2,87122.0
2002-01-14 09:15:00,NSE:INDUSINDBK,10.3,10.5,10.0,10.4,113575.0
2002-01-21 09:15:00,NSE:INDUSINDBK,10.3,10.9,10.25,10.45,71023.0
2002-01-28 09:15:00,NSE:INDUSINDBK,10.4,10.7,10.3,10.6,86931.0
2002-02-04 09:15:00,NSE:INDUSINDBK,10.65,12.9,10.6,12.35,320667.0
2002-02-11 09:15:00,NSE:INDUSINDBK,13.0,14.5,12.5,14.2,476849.0
2002-02-18 09:15:00,NSE:INDUSINDBK,14.6,17.5,14.25,15.9,1008736.0
2002-02-25 09:15:00,NSE:INDUSINDBK,16.25,17.35,14.05,15.1,986772.0
2002-03-04 09:15:00,NSE:INDUSINDBK,15.9,17.950001,14.5,16.1,735288.0
2002-03-11 09:15:00,NSE:INDUSINDBK,16.5,17.200001,15.3,16.700001,364753.0
2002-03-18 09:15:00,NSE:INDUSINDBK,17.200001,17.200001,16.1,16.4,351124.0
2002-03-25 09:15:00,NSE:INDUSINDBK,16.0,18.0,15.55,16.700001,4162906.0
2002-04-01 09:15:00,NSE:INDUSINDBK,17.0,17.0,15.3,15.5,258349.0
2002-04-08 09:15:00,NSE:INDUSINDBK,15.35,16.25,15.2,15.95,226665.0
2002-04-15 09:15:00,NSE:INDUSINDBK,15.65,16.700001,15.65,16.1,217382.0
2002-04-22 09:15:00,NSE:INDUSINDBK,15.8,16.65,15.75,15.85,190985.0
2002-04-29 09:15:00,NSE:INDUSINDBK,16.5,17.450001,15.5,17.15,330135.0
2002-05-06 09:15:00,NSE:INDUSINDBK,17.6,18.5,16.549999,16.65,510696.0
2002-05-13 09:15:00,NSE:INDUSINDBK,17.1,17.200001,15.4,15.55,165248.0
2002-05-20 09:15:00,NSE:INDUSINDBK,15.5,15.5,12.6,14.8,350448.0
2002-05-27 09:15:00,NSE:INDUSINDBK,14.95,15.0,14.0,14.25,165297.0
2002-06-03 09:15:00,NSE:INDUSINDBK,14.25,16.299999,14.25,15.2,240567.0
2002-06-10 09:15:00,NSE:INDUSINDBK,15.7,17.799999,15.7,16.85,547841.0
2002-06-17 09:15:00,NSE:INDUSINDBK,17.4,17.799999,16.75,17.450001,352630.0
2002-06-24 09:15:00,NSE:INDUSINDBK,18.0,19.9,17.049999,18.0,579472.0
2002-07-01 09:15:00,NSE:INDUSINDBK,18.5,19.0,17.65,18.1,298082.0
2002-07-08 09:15:00,NSE:INDUSINDBK,18.25,18.9,17.5,17.65,212974.0
2002-07-15 09:15:00,NSE:INDUSINDBK,17.35,17.799999,16.700001,17.0,112052.0
2002-07-22 09:15:00,NSE:INDUSINDBK,16.4,16.75,15.8,15.85,184397.0
2002-07-29 09:15:00,NSE:INDUSINDBK,15.85,17.0,15.5,16.0,168493.0
2002-08-05 09:15:00,NSE:INDUSINDBK,16.200001,16.75,15.85,15.95,107668.0
2002-08-12 09:15:00,NSE:INDUSINDBK,15.8,16.450001,15.6,16.299999,54114.0
2002-08-19 09:15:00,NSE:INDUSINDBK,16.25,16.75,15.55,16.0,143277.0
2002-08-26 09:15:00,NSE:INDUSINDBK,16.0,16.799999,15.85,15.9,99178.0
2002-09-02 09:15:00,NSE:INDUSINDBK,16.0,16.25,15.9,16.0,71087.0
2002-09-09 09:15:00,NSE:INDUSINDBK,16.0,19.6,16.0,17.6,192307.0
2002-09-16 09:15:00,NSE:INDUSINDBK,17.5,17.799999,15.4,15.5,178039.0
2002-09-23 09:15:00,NSE:INDUSINDBK,15.95,15.95,14.25,14.75,160881.0
2002-09-30 09:15:00,NSE:INDUSINDBK,14.9,15.25,13.55,14.35,59838.0
2002-10-07 09:15:00,NSE:INDUSINDBK,14.35,14.85,14.0,14.2,85225.0
2002-10-14 09:15:00,NSE:INDUSINDBK,14.45,14.5,13.75,13.9,60401.0
2002-10-21 09:15:00,NSE:INDUSINDBK,14.0,14.0,13.5,13.6,80030.0
2002-10-28 09:15:00,NSE:INDUSINDBK,13.5,14.45,12.75,14.3,90431.0
2002-11-04 09:15:00,NSE:INDUSINDBK,14.4,15.15,14.0,14.35,71978.0
2002-11-11 09:15:00,NSE:INDUSINDBK,14.5,14.75,13.9,14.0,67916.0
2002-11-18 09:15:00,NSE:INDUSINDBK,14.05,14.75,14.05,14.65,44360.0
2002-11-25 09:15:00,NSE:INDUSINDBK,14.75,15.95,14.75,15.5,121545.0
2002-12-30 09:15:00,NSE:INDUSINDBK,15.55,15.8,15.4,15.5,189595.0
2003-01-06 09:15:00,NSE:INDUSINDBK,15.45,15.95,15.1,15.55,225271.0
2003-01-13 09:15:00,NSE:INDUSINDBK,15.9,17.700001,15.35,17.299999,731879.0
2003-01-20 09:15:00,NSE:INDUSINDBK,17.1,18.9,16.25,16.549999,673928.0
2003-01-27 09:15:00,NSE:INDUSINDBK,16.5,16.6,15.25,15.35,530901.0
2003-02-03 09:15:00,NSE:INDUSINDBK,15.7,16.700001,15.7,16.049999,247035.0
2003-02-10 09:15:00,NSE:INDUSINDBK,16.4,16.450001,15.7,15.95,270381.0
2003-02-17 09:15:00,NSE:INDUSINDBK,14.0,17.4,13.4,16.700001,266908.0
2003-02-24 09:15:00,NSE:INDUSINDBK,17.35,17.35,16.5,17.049999,292441.0
2003-03-03 09:15:00,NSE:INDUSINDBK,17.299999,17.6,16.1,16.15,197914.0
2003-03-10 09:15:00,NSE:INDUSINDBK,16.200001,16.4,15.4,16.049999,205114.0
2003-03-17 09:15:00,NSE:INDUSINDBK,15.7,17.0,15.7,16.4,155643.0
2003-03-24 09:15:00,NSE:INDUSINDBK,16.4,16.700001,15.8,15.9,167392.0
2003-03-31 09:15:00,NSE:INDUSINDBK,16.049999,17.35,15.5,17.15,140768.0
2003-04-07 09:15:00,NSE:INDUSINDBK,17.15,19.549999,17.1,18.15,955129.0
2003-04-14 09:15:00,NSE:INDUSINDBK,18.4,18.75,17.9,18.15,158277.0
2003-04-21 09:15:00,NSE:INDUSINDBK,18.049999,18.299999,17.4,17.799999,186567.0
2003-04-28 09:15:00,NSE:INDUSINDBK,17.9,18.450001,17.75,18.35,176597.0
2003-05-05 09:15:00,NSE:INDUSINDBK,18.75,20.4,18.65,19.65,702438.0
2003-05-12 09:15:00,NSE:INDUSINDBK,18.0,19.35,18.0,18.65,833298.0
2003-05-19 09:15:00,NSE:INDUSINDBK,18.0,18.9,16.25,18.700001,405080.0
2003-05-26 09:15:00,NSE:INDUSINDBK,18.75,23.450001,18.75,21.5,2074850.0
2003-06-02 09:15:00,NSE:INDUSINDBK,19.0,21.299999,19.0,19.85,646480.0
2003-06-09 09:15:00,NSE:INDUSINDBK,20.4,20.6,19.200001,20.25,432231.0
2003-06-16 09:15:00,NSE:INDUSINDBK,19.9,20.35,19.4,19.65,283256.0
2003-06-23 09:15:00,NSE:INDUSINDBK,18.049999,20.0,18.049999,19.25,452515.0
2003-06-30 09:15:00,NSE:INDUSINDBK,19.1,21.6,19.1,21.049999,1103405.0
2003-07-07 09:15:00,NSE:INDUSINDBK,20.1,21.6,19.049999,20.15,422986.0
2003-07-14 09:15:00,NSE:INDUSINDBK,20.4,23.75,20.4,22.65,1281087.0
2003-07-21 09:15:00,NSE:INDUSINDBK,24.0,24.85,22.549999,23.75,1491692.0
2003-07-28 09:15:00,NSE:INDUSINDBK,23.75,26.65,22.799999,26.15,1987339.0
2003-08-04 09:15:00,NSE:INDUSINDBK,25.9,27.0,24.9,25.15,987331.0
2003-08-11 09:15:00,NSE:INDUSINDBK,25.15,26.0,24.5,25.450001,585605.0
2003-08-18 09:15:00,NSE:INDUSINDBK,25.950001,29.0,24.25,28.0,1478883.0
2003-08-25 09:15:00,NSE:INDUSINDBK,28.4,29.85,25.5,27.700001,1108516.0
2003-09-01 09:15:00,NSE:INDUSINDBK,28.0,28.200001,25.25,25.6,709530.0
2003-09-08 09:15:00,NSE:INDUSINDBK,25.6,28.0,25.5,26.25,910705.0
2003-09-15 09:15:00,NSE:INDUSINDBK,26.9,26.9,22.5,23.35,386210.0
2003-09-22 09:15:00,NSE:INDUSINDBK,23.5,26.0,22.15,24.15,268628.0
2003-09-29 09:15:00,NSE:INDUSINDBK,24.799999,25.200001,22.799999,22.950001,287194.0
2003-10-06 09:15:00,NSE:INDUSINDBK,23.6,25.200001,23.549999,24.9,680136.0
2003-10-13 09:15:00,NSE:INDUSINDBK,24.75,25.4,23.6,24.549999,527612.0
2003-10-20 09:15:00,NSE:INDUSINDBK,24.799999,25.35,23.1,23.6,383133.0
2003-10-27 09:15:00,NSE:INDUSINDBK,24.0,24.35,21.950001,23.200001,776878.0
2003-11-03 09:15:00,NSE:INDUSINDBK,25.0,27.5,24.6,25.450001,1990332.0
2003-11-10 09:15:00,NSE:INDUSINDBK,25.25,28.75,24.9,26.5,1802662.0
2003-11-17 09:15:00,NSE:INDUSINDBK,26.9,35.200001,26.9,32.700001,7361122.0
2003-11-24 09:15:00,NSE:INDUSINDBK,32.900002,36.700001,32.900002,34.5,3019015.0
2003-12-01 09:15:00,NSE:INDUSINDBK,35.5,42.950001,34.349998,38.400002,8797271.0
2003-12-08 09:15:00,NSE:INDUSINDBK,39.099998,42.549999,36.0,40.25,5248716.0
2003-12-15 09:15:00,NSE:INDUSINDBK,41.0,42.400002,39.25,41.400002,2745769.0
2003-12-22 09:15:00,NSE:INDUSINDBK,41.900002,45.900002,41.5,45.400002,2962345.0
2003-12-29 09:15:00,NSE:INDUSINDBK,45.0,46.700001,42.0,44.150002,3050182.0
2004-01-05 09:15:00,NSE:INDUSINDBK,44.25,46.0,41.900002,44.5,2830920.0
2004-01-12 09:15:00,NSE:INDUSINDBK,45.25,50.5,44.0,48.25,11842299.0
2004-01-19 09:15:00,NSE:INDUSINDBK,49.400002,49.400002,38.799999,42.200001,4051088.0
2004-01-27 09:15:00,NSE:INDUSINDBK,43.0,44.5,41.25,42.200001,1459217.0
2004-02-03 09:15:00,NSE:INDUSINDBK,39.5,42.799999,38.0,40.25,1539068.0
2004-02-09 09:15:00,NSE:INDUSINDBK,40.650002,43.0,40.099998,42.400002,1633190.0
2004-02-16 09:15:00,NSE:INDUSINDBK,42.5,43.950001,39.25,39.799999,1086642.0
2004-02-23 09:15:00,NSE:INDUSINDBK,40.299999,40.299999,37.599998,39.099998,3064484.0
2004-03-01 09:15:00,NSE:INDUSINDBK,39.5,39.849998,36.099998,36.5,743641.0
2004-03-08 09:15:00,NSE:INDUSINDBK,37.450001,42.0,36.5,37.150002,851018.0
2004-03-15 09:15:00,NSE:INDUSINDBK,37.450001,39.900002,34.0,36.950001,1650209.0
2004-03-22 09:15:00,NSE:INDUSINDBK,36.849998,38.0,34.0,37.150002,1087810.0
2004-03-29 09:15:00,NSE:INDUSINDBK,37.5,41.5,37.0,41.150002,1575073.0
2004-04-05 09:15:00,NSE:INDUSINDBK,41.700001,42.5,40.049999,41.349998,1159013.0
2004-04-12 09:15:00,NSE:INDUSINDBK,41.700001,46.549999,41.0,45.950001,2784134.0
2004-04-19 09:15:00,NSE:INDUSINDBK,47.5,52.950001,46.0,51.150002,8867413.0
2004-04-26 09:15:00,NSE:INDUSINDBK,50.049999,53.25,43.0,52.049999,8160998.0
2004-05-03 09:15:00,NSE:INDUSINDBK,52.549999,63.0,49.25,62.25,27113184.0
2004-05-10 09:15:00,NSE:INDUSINDBK,60.349998,63.700001,45.700001,48.099998,17643014.0
2004-05-17 09:15:00,NSE:INDUSINDBK,48.0,52.950001,38.5,52.5,11841477.0
2004-05-24 09:15:00,NSE:INDUSINDBK,53.099998,57.0,49.0,49.5,9543565.0
2004-05-31 09:15:00,NSE:INDUSINDBK,48.900002,52.799999,44.900002,49.75,6733316.0
2004-06-07 09:15:00,NSE:INDUSINDBK,50.900002,53.150002,50.299999,51.0,4564945.0
2004-06-14 09:15:00,NSE:INDUSINDBK,50.0,54.450001,48.0,54.049999,3721393.0
2004-06-21 09:15:00,NSE:INDUSINDBK,54.0,56.5,50.599998,53.5,4552122.0
2004-06-28 09:15:00,NSE:INDUSINDBK,53.5,58.900002,49.5,50.299999,9615935.0
2004-07-05 09:15:00,NSE:INDUSINDBK,43.0,49.0,43.0,45.950001,4899579.0
2004-07-12 09:15:00,NSE:INDUSINDBK,46.0,49.5,45.700001,48.150002,1118659.0
2004-07-19 09:15:00,NSE:INDUSINDBK,48.650002,52.299999,48.150002,50.200001,1662078.0
2004-07-26 09:15:00,NSE:INDUSINDBK,46.0,52.0,43.200001,48.5,3533989.0
2004-08-02 09:15:00,NSE:INDUSINDBK,49.099998,49.200001,45.200001,45.349998,1377802.0
2004-08-09 09:15:00,NSE:INDUSINDBK,45.299999,46.0,40.549999,41.400002,1417708.0
2004-08-16 09:15:00,NSE:INDUSINDBK,41.75,42.5,39.049999,39.150002,1084421.0
2004-08-23 09:15:00,NSE:INDUSINDBK,39.150002,41.599998,36.549999,39.299999,1447134.0
2004-08-30 09:15:00,NSE:INDUSINDBK,40.0,42.549999,39.599998,40.950001,1425828.0
2004-09-06 09:15:00,NSE:INDUSINDBK,41.0,42.200001,40.25,40.849998,1364220.0
2004-09-13 09:15:00,NSE:INDUSINDBK,40.75,41.099998,38.849998,40.849998,1588879.0
2004-09-20 09:15:00,NSE:INDUSINDBK,41.349998,42.150002,38.900002,41.150002,2553972.0
2004-09-27 09:15:00,NSE:INDUSINDBK,41.75,42.25,39.25,39.900002,1635474.0
2004-10-04 09:15:00,NSE:INDUSINDBK,40.549999,42.349998,39.400002,41.200001,2355032.0
2004-10-11 09:15:00,NSE:INDUSINDBK,42.0,42.599998,39.5,39.599998,1037930.0
2004-10-18 09:15:00,NSE:INDUSINDBK,40.200001,40.650002,38.549999,38.900002,658532.0
2004-10-25 09:15:00,NSE:INDUSINDBK,38.599998,39.099998,36.049999,38.200001,1471844.0
2004-11-01 09:15:00,NSE:INDUSINDBK,38.599998,43.200001,37.75,41.299999,2395872.0
2004-11-08 09:15:00,NSE:INDUSINDBK,41.5,41.799999,39.049999,40.900002,1469093.0
2004-11-16 09:15:00,NSE:INDUSINDBK,41.200001,48.400002,40.599998,45.200001,5518952.0
2004-11-22 09:15:00,NSE:INDUSINDBK,45.799999,49.349998,44.900002,46.25,2557761.0
2004-11-29 09:15:00,NSE:INDUSINDBK,47.200001,48.400002,44.549999,46.849998,3374588.0
2004-12-06 09:15:00,NSE:INDUSINDBK,48.849998,53.5,46.0,49.150002,6402614.0
2004-12-13 09:15:00,NSE:INDUSINDBK,49.75,55.650002,42.599998,54.25,11087076.0
2004-12-20 09:15:00,NSE:INDUSINDBK,55.0,69.0,53.400002,59.700001,18749141.0
2004-12-27 09:15:00,NSE:INDUSINDBK,60.400002,62.900002,56.049999,60.599998,7818315.0
2005-01-03 09:15:00,NSE:INDUSINDBK,61.5,63.0,52.150002,61.700001,12714621.0
2005-01-10 09:15:00,NSE:INDUSINDBK,62.549999,64.849998,54.099998,61.299999,12929451.0
2005-01-17 09:15:00,NSE:INDUSINDBK,62.400002,64.699997,57.25,58.0,6743350.0
2005-01-24 09:15:00,NSE:INDUSINDBK,57.75,60.0,55.150002,58.75,2773089.0
2005-01-31 09:15:00,NSE:INDUSINDBK,58.200001,60.0,56.700001,58.549999,3835890.0
2005-02-07 09:15:00,NSE:INDUSINDBK,59.0,61.150002,57.450001,58.349998,3872543.0
2005-02-14 09:15:00,NSE:INDUSINDBK,58.599998,59.0,54.0,54.5,2962193.0
2005-02-21 09:15:00,NSE:INDUSINDBK,55.200001,57.700001,53.900002,54.049999,3414865.0
2005-02-28 09:15:00,NSE:INDUSINDBK,54.799999,57.0,54.0,55.049999,3121508.0
2005-03-07 09:15:00,NSE:INDUSINDBK,55.849998,60.75,54.599998,56.650002,6885923.0
2005-03-14 09:15:00,NSE:INDUSINDBK,57.450001,57.599998,52.299999,53.599998,1882513.0
2005-03-21 09:15:00,NSE:INDUSINDBK,54.400002,54.400002,50.099998,50.599998,1678374.0
2005-03-28 09:15:00,NSE:INDUSINDBK,51.0,53.450001,49.0,52.549999,4094960.0
2005-04-04 09:15:00,NSE:INDUSINDBK,53.0,58.450001,51.650002,56.099998,3876420.0
2005-04-11 09:15:00,NSE:INDUSINDBK,56.450001,57.900002,54.0,54.150002,1804434.0
2005-04-18 09:15:00,NSE:INDUSINDBK,52.099998,53.900002,51.0,52.849998,1335551.0
2005-04-25 09:15:00,NSE:INDUSINDBK,53.0,58.0,50.349998,50.75,919126.0
2005-05-02 09:15:00,NSE:INDUSINDBK,51.349998,58.400002,49.549999,53.599998,2421746.0
2005-05-09 09:15:00,NSE:INDUSINDBK,54.400002,57.5,52.75,56.799999,3535973.0
2005-05-16 09:15:00,NSE:INDUSINDBK,57.25,62.900002,56.5,60.5,11322098.0
2005-05-23 09:15:00,NSE:INDUSINDBK,60.25,65.449997,58.599998,63.150002,11436339.0
2005-05-30 09:15:00,NSE:INDUSINDBK,63.5,72.0,60.349998,67.5,16787709.0
2005-06-06 09:15:00,NSE:INDUSINDBK,67.0,70.050003,66.650002,68.050003,9785951.0
2005-06-13 09:15:00,NSE:INDUSINDBK,68.300003,75.900002,66.650002,67.449997,15784485.0
2005-06-20 09:15:00,NSE:INDUSINDBK,67.949997,71.0,65.25,69.550003,7083389.0
2005-06-27 09:15:00,NSE:INDUSINDBK,70.400002,74.5,66.0,68.449997,18250935.0
2005-07-04 09:15:00,NSE:INDUSINDBK,69.0,77.300003,68.099998,75.650002,22906786.0
2005-07-11 09:15:00,NSE:INDUSINDBK,76.5,78.349998,71.400002,71.900002,9481467.0
2005-07-18 09:15:00,NSE:INDUSINDBK,72.400002,75.75,71.300003,73.099998,4437232.0
2005-07-25 09:15:00,NSE:INDUSINDBK,73.599998,77.699997,72.900002,76.75,8097432.0
2005-08-01 09:15:00,NSE:INDUSINDBK,75.900002,82.0,72.599998,81.150002,7354098.0
2005-08-08 09:15:00,NSE:INDUSINDBK,82.0,83.400002,74.75,76.849998,12924098.0
2005-08-16 09:15:00,NSE:INDUSINDBK,78.0,83.449997,76.900002,82.650002,13112484.0
2005-08-22 09:15:00,NSE:INDUSINDBK,83.699997,83.900002,72.5,77.699997,11228835.0
2005-08-29 09:15:00,NSE:INDUSINDBK,78.0,81.199997,75.550003,79.800003,5546038.0
2005-09-05 09:15:00,NSE:INDUSINDBK,80.0,80.800003,77.699997,79.199997,4348736.0
2005-09-12 09:15:00,NSE:INDUSINDBK,80.0,81.25,77.25,78.900002,3506633.0
2005-09-19 09:15:00,NSE:INDUSINDBK,79.349998,80.0,67.5,69.400002,4586031.0
2005-09-26 09:15:00,NSE:INDUSINDBK,71.0,73.650002,68.650002,70.849998,4300583.0
2005-10-03 09:15:00,NSE:INDUSINDBK,71.900002,74.199997,68.75,69.75,3669455.0
2005-10-10 09:15:00,NSE:INDUSINDBK,71.900002,71.900002,65.0,65.199997,2817530.0
2005-10-17 09:15:00,NSE:INDUSINDBK,65.300003,66.0,51.599998,55.450001,5767854.0
2005-10-24 09:15:00,NSE:INDUSINDBK,56.0,56.349998,48.25,50.0,7771320.0
2005-10-31 09:15:00,NSE:INDUSINDBK,50.0,52.900002,49.099998,52.75,1520036.0
2005-11-07 09:15:00,NSE:INDUSINDBK,52.0,55.099998,51.200001,54.5,5367139.0
2005-11-14 09:15:00,NSE:INDUSINDBK,55.0,60.0,54.599998,58.049999,4698181.0
2005-11-21 09:15:00,NSE:INDUSINDBK,58.200001,58.5,53.25,56.849998,3824068.0
2005-11-28 09:15:00,NSE:INDUSINDBK,57.950001,59.549999,53.200001,57.099998,7497610.0
2005-12-05 09:15:00,NSE:INDUSINDBK,57.049999,59.200001,56.5,57.0,2923507.0
2005-12-12 09:15:00,NSE:INDUSINDBK,57.099998,59.650002,56.099998,58.099998,4699984.0
2005-12-19 09:15:00,NSE:INDUSINDBK,58.25,62.099998,57.150002,59.0,6767465.0
2005-12-26 09:15:00,NSE:INDUSINDBK,58.150002,59.0,55.5,58.349998,2439453.0
2006-01-02 09:15:00,NSE:INDUSINDBK,59.349998,61.700001,57.049999,59.049999,9184508.0
2006-01-09 09:15:00,NSE:INDUSINDBK,59.5,60.0,56.900002,57.200001,2648744.0
2006-01-16 09:15:00,NSE:INDUSINDBK,57.299999,57.599998,52.349998,54.950001,3773563.0
2006-01-23 09:15:00,NSE:INDUSINDBK,50.25,55.0,50.25,53.650002,3544483.0
2006-01-30 09:15:00,NSE:INDUSINDBK,54.0,54.950001,49.5,52.450001,3259005.0
2006-02-06 09:15:00,NSE:INDUSINDBK,53.0,53.400002,50.849998,52.150002,1750979.0
2006-02-13 09:15:00,NSE:INDUSINDBK,52.25,53.849998,50.549999,51.0,1554061.0
2006-02-20 09:15:00,NSE:INDUSINDBK,51.5,51.650002,49.049999,51.299999,2237712.0
2006-02-27 09:15:00,NSE:INDUSINDBK,52.700001,52.700001,46.349998,48.150002,2785847.0
2006-03-06 09:15:00,NSE:INDUSINDBK,49.0,50.400002,48.0,49.0,2435887.0
2006-03-13 09:15:00,NSE:INDUSINDBK,49.200001,49.400002,47.25,47.400002,1133330.0
2006-03-20 09:15:00,NSE:INDUSINDBK,47.900002,47.900002,43.049999,43.700001,2860192.0
2006-03-27 09:15:00,NSE:INDUSINDBK,44.0,47.900002,42.650002,46.799999,9913679.0
2006-04-03 09:15:00,NSE:INDUSINDBK,47.450001,60.200001,47.200001,57.700001,12356121.0
2006-04-10 09:15:00,NSE:INDUSINDBK,58.099998,59.5,50.5,51.599998,4444917.0
2006-04-17 09:15:00,NSE:INDUSINDBK,52.099998,56.400002,50.5,51.700001,4066366.0
2006-04-24 09:15:00,NSE:INDUSINDBK,52.299999,53.599998,49.099998,52.5,4747160.0
2006-05-02 09:15:00,NSE:INDUSINDBK,56.150002,62.400002,56.150002,59.650002,7403556.0
2006-05-08 09:15:00,NSE:INDUSINDBK,59.5,63.400002,57.0,61.650002,6093993.0
2006-05-15 09:15:00,NSE:INDUSINDBK,61.799999,64.0,47.25,48.650002,7847636.0
2006-05-22 09:15:00,NSE:INDUSINDBK,50.0,53.200001,39.099998,50.150002,9419732.0
2006-05-29 09:15:00,NSE:INDUSINDBK,51.0,52.5,41.400002,44.75,3934161.0
2006-06-05 09:15:00,NSE:INDUSINDBK,45.0,45.900002,32.150002,36.599998,5998501.0
2006-06-12 09:15:00,NSE:INDUSINDBK,37.0,37.5,27.25,30.85,8113377.0
2006-06-19 09:15:00,NSE:INDUSINDBK,30.85,33.200001,29.85,32.700001,3237197.0
2006-06-26 09:15:00,NSE:INDUSINDBK,36.400002,36.5,30.1,33.950001,5128593.0
2006-07-03 09:15:00,NSE:INDUSINDBK,34.099998,35.5,32.099998,32.299999,2868107.0
2006-07-10 09:15:00,NSE:INDUSINDBK,32.0,36.0,31.6,32.900002,1489726.0
2006-07-17 09:15:00,NSE:INDUSINDBK,32.5,32.849998,29.5,31.15,2582696.0
2006-07-24 09:15:00,NSE:INDUSINDBK,30.9,35.599998,30.15,34.799999,4052738.0
2006-07-31 09:15:00,NSE:INDUSINDBK,34.0,35.0,32.0,34.0,2979026.0
2006-08-07 09:15:00,NSE:INDUSINDBK,33.299999,41.400002,33.299999,39.599998,3402204.0
2006-08-14 09:15:00,NSE:INDUSINDBK,40.200001,48.799999,33.0,47.950001,6887124.0
2006-08-21 09:15:00,NSE:INDUSINDBK,48.5,49.5,41.900002,44.049999,7231993.0
2006-08-28 09:15:00,NSE:INDUSINDBK,44.099998,45.0,42.5,43.599998,2753481.0
2006-09-04 09:15:00,NSE:INDUSINDBK,44.0,49.150002,43.25,46.849998,9241498.0
2006-09-11 09:15:00,NSE:INDUSINDBK,47.0,47.75,41.200001,44.299999,5598021.0
2006-09-18 09:15:00,NSE:INDUSINDBK,44.299999,47.450001,43.5,44.75,5342810.0
2006-09-25 09:15:00,NSE:INDUSINDBK,45.599998,51.25,44.049999,50.549999,12446077.0
2006-10-03 09:15:00,NSE:INDUSINDBK,50.900002,51.099998,48.299999,48.599998,4048996.0
2006-10-09 09:15:00,NSE:INDUSINDBK,48.5,50.5,47.049999,47.700001,5337819.0
2006-10-16 09:15:00,NSE:INDUSINDBK,47.900002,48.650002,45.75,46.700001,2208769.0
2006-10-23 09:15:00,NSE:INDUSINDBK,46.5,47.75,45.299999,47.099998,1570786.0
2006-10-30 09:15:00,NSE:INDUSINDBK,47.099998,48.0,42.25,42.5,2078982.0
2006-11-06 09:15:00,NSE:INDUSINDBK,42.599998,48.950001,41.549999,48.650002,9102266.0
2006-11-13 09:15:00,NSE:INDUSINDBK,49.25,49.799999,44.5,44.75,5167452.0
2006-11-20 09:15:00,NSE:INDUSINDBK,45.049999,45.650002,42.5,44.75,2487580.0
2006-11-27 09:15:00,NSE:INDUSINDBK,44.900002,47.200001,44.099998,45.200001,3536162.0
2006-12-04 09:15:00,NSE:INDUSINDBK,45.75,50.400002,44.299999,49.849998,9117113.0
2006-12-11 09:15:00,NSE:INDUSINDBK,49.049999,49.049999,37.549999,43.5,8923696.0
2006-12-18 09:15:00,NSE:INDUSINDBK,44.799999,45.099998,40.900002,42.049999,3676315.0
2006-12-26 09:15:00,NSE:INDUSINDBK,41.599998,48.900002,41.599998,47.349998,9307287.0
2007-01-02 09:15:00,NSE:INDUSINDBK,46.200001,58.5,46.200001,53.599998,21507169.0
2007-01-08 09:15:00,NSE:INDUSINDBK,53.0,57.700001,51.0,56.049999,8949102.0
2007-01-15 09:15:00,NSE:INDUSINDBK,56.049999,60.349998,54.400002,57.049999,8294272.0
2007-01-22 09:15:00,NSE:INDUSINDBK,57.0,57.599998,53.700001,55.5,3579168.0
2007-01-29 09:15:00,NSE:INDUSINDBK,55.200001,55.75,52.549999,53.950001,3328326.0
2007-02-05 09:15:00,NSE:INDUSINDBK,54.900002,63.700001,53.099998,56.299999,14929966.0
2007-02-12 09:15:00,NSE:INDUSINDBK,55.25,59.0,45.099998,53.349998,7240669.0
2007-02-19 09:15:00,NSE:INDUSINDBK,53.75,54.400002,48.099998,48.450001,5847915.0
2007-02-26 09:15:00,NSE:INDUSINDBK,48.599998,51.0,41.5,42.75,4696829.0
2007-03-05 09:15:00,NSE:INDUSINDBK,41.0,42.0,36.799999,40.049999,5786065.0
2007-03-12 09:15:00,NSE:INDUSINDBK,40.799999,42.450001,38.0,39.950001,5194173.0
2007-03-19 09:15:00,NSE:INDUSINDBK,40.0,43.450001,39.799999,42.5,3443343.0
2007-03-26 09:15:00,NSE:INDUSINDBK,41.799999,43.5,39.099998,42.0,8134083.0
2007-04-02 09:15:00,NSE:INDUSINDBK,40.0,40.5,38.0,39.599998,2553404.0
2007-04-09 09:15:00,NSE:INDUSINDBK,40.0,41.0,39.5,40.450001,2637886.0
2007-04-16 09:15:00,NSE:INDUSINDBK,41.5,43.25,38.25,41.849998,3823325.0
2007-04-23 09:15:00,NSE:INDUSINDBK,42.400002,45.700001,40.5,43.799999,6340993.0
2007-04-30 09:15:00,NSE:INDUSINDBK,43.0,49.0,42.599998,47.799999,6911095.0
2007-05-07 09:15:00,NSE:INDUSINDBK,48.299999,49.25,43.299999,45.950001,5441769.0
2007-05-14 09:15:00,NSE:INDUSINDBK,47.099998,50.549999,46.5,48.5,5686358.0
2007-05-21 09:15:00,NSE:INDUSINDBK,48.700001,50.900002,47.650002,49.549999,6592597.0
2007-05-28 09:15:00,NSE:INDUSINDBK,50.5,51.0,45.200001,45.900002,4526978.0
2007-06-04 09:15:00,NSE:INDUSINDBK,46.099998,48.400002,44.599998,45.099998,3180036.0
2007-06-11 09:15:00,NSE:INDUSINDBK,45.799999,46.5,42.599998,44.099998,2074791.0
2007-06-18 09:15:00,NSE:INDUSINDBK,44.599998,49.150002,43.650002,48.349998,3848004.0
2007-06-25 09:15:00,NSE:INDUSINDBK,48.900002,55.75,48.0,54.5,12117397.0
2007-07-02 09:15:00,NSE:INDUSINDBK,55.299999,55.299999,50.200001,51.5,5007267.0
2007-07-09 09:15:00,NSE:INDUSINDBK,51.900002,56.450001,50.75,55.799999,7199712.0
2007-07-16 09:15:00,NSE:INDUSINDBK,55.5,57.200001,50.25,55.5,6592573.0
2007-07-23 09:15:00,NSE:INDUSINDBK,55.0,56.400002,49.099998,50.549999,5564175.0
2007-07-30 09:15:00,NSE:INDUSINDBK,50.0,51.799999,47.5,48.099998,3028895.0
2007-08-06 09:15:00,NSE:INDUSINDBK,47.0,52.200001,46.25,48.299999,3164436.0
2007-08-13 09:15:00,NSE:INDUSINDBK,49.5,52.099998,45.849998,51.450001,3717883.0
2007-08-20 09:15:00,NSE:INDUSINDBK,53.200001,54.900002,47.299999,49.549999,5811860.0
2007-08-27 09:15:00,NSE:INDUSINDBK,50.900002,53.5,50.0,52.349998,1226086.0
2007-09-03 09:15:00,NSE:INDUSINDBK,54.700001,58.599998,53.25,55.25,5469547.0
2007-09-10 09:15:00,NSE:INDUSINDBK,54.0,68.199997,54.0,65.900002,18327593.0
2007-09-17 09:15:00,NSE:INDUSINDBK,66.699997,82.300003,62.75,79.550003,24003432.0
2007-09-24 09:15:00,NSE:INDUSINDBK,80.0,81.400002,72.0,74.75,13150480.0
2007-10-01 09:15:00,NSE:INDUSINDBK,74.099998,76.5,68.0,68.550003,4020097.0
2007-10-08 09:15:00,NSE:INDUSINDBK,69.099998,82.5,58.0,77.349998,16094159.0
2007-10-15 09:15:00,NSE:INDUSINDBK,77.0,84.699997,66.0,67.300003,16488167.0
2007-10-22 09:15:00,NSE:INDUSINDBK,65.800003,96.5,64.400002,94.900002,31577012.0
2007-10-29 09:15:00,NSE:INDUSINDBK,96.550003,103.7,90.25,98.050003,29519891.0
2007-11-05 09:15:00,NSE:INDUSINDBK,98.099998,99.949997,90.099998,91.599998,6401291.0
2007-11-12 09:15:00,NSE:INDUSINDBK,91.0,116.8,85.300003,112.85,21580938.0
2007-11-19 09:15:00,NSE:INDUSINDBK,115.7,118.0,87.0,102.75,11720044.0
2007-11-26 09:15:00,NSE:INDUSINDBK,105.0,123.8,103.3,119.35,22441993.0
2007-12-03 09:15:00,NSE:INDUSINDBK,121.0,134.5,116.5,127.95,13005000.0
2007-12-10 09:15:00,NSE:INDUSINDBK,128.0,136.8,125.3,127.45,11009554.0
2007-12-17 09:15:00,NSE:INDUSINDBK,126.45,130.0,116.1,123.85,4280758.0
2007-12-24 09:15:00,NSE:INDUSINDBK,123.0,133.8,123.0,129.8,6747557.0
2007-12-31 09:15:00,NSE:INDUSINDBK,130.3,135.0,124.6,131.5,11234585.0
2008-01-07 09:15:00,NSE:INDUSINDBK,128.5,134.5,110.0,124.5,7018611.0
2008-01-14 09:15:00,NSE:INDUSINDBK,121.65,126.45,112.5,115.3,2639547.0
2008-01-21 09:15:00,NSE:INDUSINDBK,116.0,116.0,75.0,98.400002,5245732.0
2008-01-28 09:15:00,NSE:INDUSINDBK,90.0,105.65,89.0,93.349998,8513810.0
2008-02-04 09:15:00,NSE:INDUSINDBK,95.5,114.25,92.25,99.650002,11236281.0
2008-02-11 09:15:00,NSE:INDUSINDBK,95.349998,107.25,85.650002,104.8,6663300.0
2008-02-18 09:15:00,NSE:INDUSINDBK,100.25,106.6,91.0,94.400002,8856067.0
2008-02-25 09:15:00,NSE:INDUSINDBK,96.099998,102.4,91.800003,100.05,6991740.0
2008-03-03 09:15:00,NSE:INDUSINDBK,99.699997,100.0,75.099998,85.099998,3865162.0
2008-03-10 09:15:00,NSE:INDUSINDBK,80.400002,95.0,79.199997,82.800003,3346282.0
2008-03-17 09:15:00,NSE:INDUSINDBK,76.25,81.0,69.0,69.550003,4775378.0
2008-03-24 09:15:00,NSE:INDUSINDBK,70.5,87.849998,69.5,82.050003,8185259.0
2008-03-31 09:15:00,NSE:INDUSINDBK,81.5,86.699997,73.599998,74.699997,1791927.0
2008-04-07 09:15:00,NSE:INDUSINDBK,74.0,85.199997,74.0,82.150002,3129335.0
2008-04-15 09:15:00,NSE:INDUSINDBK,81.75,91.900002,80.0,89.449997,2719307.0
2008-04-21 09:15:00,NSE:INDUSINDBK,88.5,95.949997,85.849998,92.349998,5516359.0
2008-04-28 09:15:00,NSE:INDUSINDBK,94.0,103.5,87.699997,102.35,8207600.0
2008-05-05 09:15:00,NSE:INDUSINDBK,104.0,105.7,90.050003,91.099998,9287673.0
2008-05-12 09:15:00,NSE:INDUSINDBK,89.900002,91.5,81.5,87.699997,6206934.0
2008-05-20 09:15:00,NSE:INDUSINDBK,88.0,92.400002,83.5,83.849998,3615534.0
2008-05-26 09:15:00,NSE:INDUSINDBK,86.599998,86.599998,75.550003,77.25,2825331.0
2008-06-02 09:15:00,NSE:INDUSINDBK,80.25,80.25,68.0,70.050003,3811732.0
2008-06-09 09:15:00,NSE:INDUSINDBK,68.0,76.0,64.900002,75.050003,2818137.0
2008-06-16 09:15:00,NSE:INDUSINDBK,82.699997,82.699997,68.0,68.349998,2552143.0
2008-06-23 09:15:00,NSE:INDUSINDBK,65.099998,67.699997,54.5,55.0,4562306.0
2008-06-30 09:15:00,NSE:INDUSINDBK,56.0,56.700001,50.25,53.549999,2824747.0
2008-07-07 09:15:00,NSE:INDUSINDBK,54.549999,60.5,48.5,55.299999,8160315.0
2008-07-14 09:15:00,NSE:INDUSINDBK,54.849998,57.400002,49.150002,52.75,4090252.0
2008-07-21 09:15:00,NSE:INDUSINDBK,52.849998,63.0,51.25,59.049999,5824411.0
2008-07-28 09:15:00,NSE:INDUSINDBK,58.0,60.900002,55.0,58.450001,4043601.0
2008-08-04 09:15:00,NSE:INDUSINDBK,59.0,68.300003,58.049999,65.300003,9431826.0
2008-08-11 09:15:00,NSE:INDUSINDBK,65.949997,67.150002,59.549999,60.150002,1900616.0
2008-08-18 09:15:00,NSE:INDUSINDBK,59.0,61.5,58.049999,59.299999,1042124.0
2008-08-25 09:15:00,NSE:INDUSINDBK,61.0,63.25,55.5,60.200001,3047819.0
2008-09-01 09:15:00,NSE:INDUSINDBK,59.200001,63.400002,58.25,60.599998,1846791.0
2008-09-08 09:15:00,NSE:INDUSINDBK,62.5,63.400002,58.25,58.849998,991772.0
2008-09-15 09:15:00,NSE:INDUSINDBK,55.950001,57.5,48.200001,56.099998,3341850.0
2008-09-22 09:15:00,NSE:INDUSINDBK,57.150002,58.049999,52.849998,57.299999,3483466.0
2008-09-29 09:15:00,NSE:INDUSINDBK,56.049999,59.799999,50.150002,55.5,1445330.0
2008-10-06 09:15:00,NSE:INDUSINDBK,55.75,56.0,41.0,43.0,1828781.0
2008-10-13 09:15:00,NSE:INDUSINDBK,45.0,50.400002,38.0,43.599998,1937299.0
2008-10-20 09:15:00,NSE:INDUSINDBK,43.700001,45.450001,38.5,39.299999,2139448.0
2008-10-27 09:15:00,NSE:INDUSINDBK,39.0,41.0,30.049999,40.599998,1925491.0
2008-11-03 09:15:00,NSE:INDUSINDBK,42.0,46.25,41.0,44.75,1326291.0
2008-11-10 09:15:00,NSE:INDUSINDBK,45.0,46.599998,40.5,40.900002,413925.0
2008-11-17 09:15:00,NSE:INDUSINDBK,41.450001,41.900002,32.0,34.799999,739536.0
2008-11-24 09:15:00,NSE:INDUSINDBK,35.0,35.75,31.4,31.9,795359.0
2008-12-01 09:15:00,NSE:INDUSINDBK,32.900002,34.25,28.1,33.0,1090597.0
2008-12-08 09:15:00,NSE:INDUSINDBK,35.0,35.0,30.549999,34.0,1754991.0
2008-12-15 09:15:00,NSE:INDUSINDBK,34.5,41.5,34.25,38.349998,2411228.0
2008-12-22 09:15:00,NSE:INDUSINDBK,38.049999,41.099998,35.299999,36.049999,1072630.0
2008-12-29 09:15:00,NSE:INDUSINDBK,36.299999,44.400002,34.25,41.400002,2330221.0
2009-01-05 09:15:00,NSE:INDUSINDBK,44.200001,46.900002,35.450001,37.5,4391216.0
2009-01-12 09:15:00,NSE:INDUSINDBK,38.900002,39.400002,35.0,38.049999,2325081.0
2009-01-19 09:15:00,NSE:INDUSINDBK,38.400002,38.700001,32.650002,32.849998,939574.0
2009-01-27 09:15:00,NSE:INDUSINDBK,34.0,34.0,32.150002,33.349998,1326380.0
2009-02-02 09:15:00,NSE:INDUSINDBK,32.75,33.950001,31.549999,33.049999,1086580.0
2009-02-09 09:15:00,NSE:INDUSINDBK,33.0,36.799999,33.0,34.450001,2270423.0
2009-02-16 09:15:00,NSE:INDUSINDBK,34.450001,35.0,30.65,31.299999,869894.0
2009-02-24 09:15:00,NSE:INDUSINDBK,31.299999,31.700001,29.6,30.200001,971586.0
2009-03-02 09:15:00,NSE:INDUSINDBK,30.0,30.1,26.15,28.450001,772691.0
2009-03-09 09:15:00,NSE:INDUSINDBK,27.85,30.049999,27.6,29.75,434707.0
2009-03-16 09:15:00,NSE:INDUSINDBK,29.9,32.0,29.799999,30.299999,870450.0
2009-03-23 09:15:00,NSE:INDUSINDBK,30.700001,35.450001,30.299999,34.349998,3037473.0
2009-03-30 09:15:00,NSE:INDUSINDBK,34.200001,34.700001,31.1,33.900002,5297348.0
2009-04-06 09:15:00,NSE:INDUSINDBK,34.650002,41.0,33.700001,38.599998,4188928.0
2009-04-13 09:15:00,NSE:INDUSINDBK,39.0,43.5,37.849998,40.150002,5061297.0
2009-04-20 09:15:00,NSE:INDUSINDBK,40.0,46.900002,40.0,43.849998,5092518.0
2009-04-27 09:15:00,NSE:INDUSINDBK,43.0,44.599998,40.0,40.650002,1393196.0
2009-05-04 09:15:00,NSE:INDUSINDBK,41.75,48.599998,41.099998,45.900002,8811112.0
2009-05-11 09:15:00,NSE:INDUSINDBK,46.650002,47.0,41.650002,42.150002,5201053.0
2009-05-18 09:15:00,NSE:INDUSINDBK,47.0,60.950001,42.049999,56.900002,12856773.0
2009-05-25 09:15:00,NSE:INDUSINDBK,58.5,72.75,55.5,71.449997,26410089.0
2009-06-01 09:15:00,NSE:INDUSINDBK,72.5,79.449997,67.900002,72.849998,14715626.0
2009-06-08 09:15:00,NSE:INDUSINDBK,73.5,78.800003,66.25,73.300003,10710767.0
2009-06-15 09:15:00,NSE:INDUSINDBK,72.550003,85.400002,68.900002,83.25,26086078.0
2009-06-22 09:15:00,NSE:INDUSINDBK,86.5,91.5,77.099998,89.449997,26294186.0
2009-06-29 09:15:00,NSE:INDUSINDBK,89.900002,94.5,82.550003,85.150002,19533631.0
2009-07-06 09:15:00,NSE:INDUSINDBK,85.800003,90.599998,72.5,80.550003,32170193.0
2009-07-13 09:15:00,NSE:INDUSINDBK,84.0,90.300003,75.599998,87.550003,11471269.0
2009-07-20 09:15:00,NSE:INDUSINDBK,89.0,96.0,86.650002,91.099998,12062339.0
2009-07-27 09:15:00,NSE:INDUSINDBK,92.599998,93.349998,83.800003,86.800003,3710944.0
2009-08-03 09:15:00,NSE:INDUSINDBK,87.25,91.650002,84.900002,86.050003,4474064.0
2009-08-10 09:15:00,NSE:INDUSINDBK,87.099998,99.349998,79.5,96.150002,7812403.0
2009-08-17 09:15:00,NSE:INDUSINDBK,94.0,97.25,89.5,95.449997,4506870.0
2009-08-24 09:15:00,NSE:INDUSINDBK,96.0,103.65,96.0,100.05,4881837.0
2009-08-31 09:15:00,NSE:INDUSINDBK,99.199997,104.4,97.099998,99.800003,3680258.0
2009-09-07 09:15:00,NSE:INDUSINDBK,100.8,105.75,98.0,104.8,7502548.0
2009-09-14 09:15:00,NSE:INDUSINDBK,104.4,115.0,101.5,107.85,9089627.0
2009-09-22 09:15:00,NSE:INDUSINDBK,107.5,118.35,107.05,113.7,6507043.0
2009-09-29 09:15:00,NSE:INDUSINDBK,110.05,117.35,110.05,113.05,3851843.0
2009-10-05 09:15:00,NSE:INDUSINDBK,111.8,119.3,108.5,115.95,6210052.0
2009-10-12 09:15:00,NSE:INDUSINDBK,116.75,135.0,115.85,133.95,10243572.0
2009-10-20 09:15:00,NSE:INDUSINDBK,135.0,145.7,131.3,139.45,7952055.0
2009-10-26 09:15:00,NSE:INDUSINDBK,140.10001,141.35001,113.9,117.05,6486935.0
2009-11-03 09:15:00,NSE:INDUSINDBK,117.7,130.0,109.05,127.65,3614198.0
2009-11-09 09:15:00,NSE:INDUSINDBK,130.0,140.0,127.7,128.64999,5309712.0
2009-11-16 09:15:00,NSE:INDUSINDBK,130.10001,132.39999,122.5,128.60001,3095636.0
2009-11-23 09:15:00,NSE:INDUSINDBK,129.0,129.3,110.0,120.65,4296913.0
2009-11-30 09:15:00,NSE:INDUSINDBK,121.8,142.0,115.1,136.7,7637580.0
2009-12-07 09:15:00,NSE:INDUSINDBK,137.5,149.2,130.10001,141.45,7199608.0
2009-12-14 09:15:00,NSE:INDUSINDBK,141.3,147.75,137.25,138.0,5030545.0
2009-12-21 09:15:00,NSE:INDUSINDBK,138.89999,141.8,132.25,139.45,2753855.0
2009-12-29 09:15:00,NSE:INDUSINDBK,141.0,150.05,137.75,143.45,2300633.0
2010-01-04 09:15:00,NSE:INDUSINDBK,140.5,147.0,140.05,142.3,3553429.0
2010-01-11 09:15:00,NSE:INDUSINDBK,143.05,144.35001,135.95,141.75,3838923.0
2010-01-18 09:15:00,NSE:INDUSINDBK,141.5,155.95,139.89999,150.60001,6351980.0
2010-01-25 09:15:00,NSE:INDUSINDBK,151.0,152.0,136.75,147.89999,3397353.0
2010-02-01 09:15:00,NSE:INDUSINDBK,147.7,159.64999,143.35001,146.10001,5254454.0
2010-02-08 09:15:00,NSE:INDUSINDBK,151.7,153.0,144.0,149.85001,1885223.0
2010-02-15 09:15:00,NSE:INDUSINDBK,149.85001,156.95,148.95,155.55,2349337.0
2010-02-22 09:15:00,NSE:INDUSINDBK,158.5,160.8,146.14999,148.89999,3269817.0
2010-03-02 09:15:00,NSE:INDUSINDBK,150.60001,168.39999,149.60001,159.75,5802190.0
2010-03-08 09:15:00,NSE:INDUSINDBK,161.39999,163.8,154.60001,162.10001,3708955.0
2010-03-15 09:15:00,NSE:INDUSINDBK,160.10001,174.89999,158.0,174.25,4981036.0
2010-03-22 09:15:00,NSE:INDUSINDBK,167.75,179.0,165.0,178.25,2849852.0
2010-03-29 09:15:00,NSE:INDUSINDBK,180.95,185.45,167.2,177.2,3683597.0
2010-04-05 09:15:00,NSE:INDUSINDBK,177.10001,184.60001,176.95,178.8,3677418.0
2010-04-12 09:15:00,NSE:INDUSINDBK,179.0,184.0,174.14999,176.35001,4174183.0
2010-04-19 09:15:00,NSE:INDUSINDBK,180.0,196.45,172.2,190.2,7701060.0
2010-04-26 09:15:00,NSE:INDUSINDBK,192.39999,195.0,185.55,193.89999,1979897.0
2010-05-03 09:15:00,NSE:INDUSINDBK,191.55,196.75,178.25,179.5,2389457.0
2010-05-10 09:15:00,NSE:INDUSINDBK,180.60001,187.35001,177.0,184.64999,2218572.0
2010-05-17 09:15:00,NSE:INDUSINDBK,182.0,207.0,174.10001,185.60001,6282604.0
2010-05-24 09:15:00,NSE:INDUSINDBK,187.7,194.7,176.5,191.89999,13588121.0
2010-05-31 09:15:00,NSE:INDUSINDBK,193.55,199.0,182.10001,190.35001,5401540.0
2010-06-07 09:15:00,NSE:INDUSINDBK,184.89999,194.45,179.0,191.05,3886958.0
2010-06-14 09:15:00,NSE:INDUSINDBK,191.25,196.35001,187.55,195.25,3640894.0
2010-06-21 09:15:00,NSE:INDUSINDBK,196.55,212.0,196.0,196.5,7207079.0
2010-06-28 09:15:00,NSE:INDUSINDBK,195.2,208.5,195.2,205.95,2729132.0
2010-07-05 09:15:00,NSE:INDUSINDBK,205.0,225.39999,205.0,215.10001,5927666.0
2010-07-12 09:15:00,NSE:INDUSINDBK,216.0,219.75,207.0,212.35001,3317327.0
2010-07-19 09:15:00,NSE:INDUSINDBK,210.0,214.0,203.10001,212.05,2462512.0
2010-07-26 09:15:00,NSE:INDUSINDBK,214.60001,214.8,202.0,204.25,2247866.0
2010-08-02 09:15:00,NSE:INDUSINDBK,205.60001,213.25,204.35001,206.10001,2133041.0
2010-08-09 09:15:00,NSE:INDUSINDBK,208.7,226.5,206.60001,223.75,3923591.0
2010-08-16 09:15:00,NSE:INDUSINDBK,224.0,232.3,218.2,222.95,2560636.0
2010-08-23 09:15:00,NSE:INDUSINDBK,223.0,237.0,214.95,228.75,5082941.0
2010-08-30 09:15:00,NSE:INDUSINDBK,230.85001,235.0,219.2,233.25,3966424.0
2010-09-06 09:15:00,NSE:INDUSINDBK,235.0,242.39999,232.10001,238.39999,1862785.0
2010-09-13 09:15:00,NSE:INDUSINDBK,242.45,265.0,235.5,262.79999,5471002.0
2010-09-20 09:15:00,NSE:INDUSINDBK,265.25,275.0,249.55,256.25,6832458.0
2010-09-27 09:15:00,NSE:INDUSINDBK,258.89999,270.0,253.5,264.60001,5539022.0
2010-10-04 09:15:00,NSE:INDUSINDBK,265.64999,288.0,261.25,280.25,10125040.0
2010-10-11 09:15:00,NSE:INDUSINDBK,284.0,287.79999,264.35001,267.89999,8621110.0
2010-10-18 09:15:00,NSE:INDUSINDBK,268.75,275.39999,256.0,274.5,10729881.0
2010-10-25 09:15:00,NSE:INDUSINDBK,277.0,278.0,261.0,263.60001,4756858.0
2010-11-01 09:15:00,NSE:INDUSINDBK,268.39999,293.29999,266.35001,279.95001,6725892.0
2010-11-08 09:15:00,NSE:INDUSINDBK,281.0,307.45001,274.0,284.04999,14213933.0
2010-11-15 09:15:00,NSE:INDUSINDBK,283.0,301.20001,263.14999,265.14999,9570344.0
2010-11-22 09:15:00,NSE:INDUSINDBK,267.20001,295.95001,264.54999,284.70001,15043259.0
2010-11-29 09:15:00,NSE:INDUSINDBK,285.04999,309.39999,274.95001,291.29999,30405717.0
2010-12-06 09:15:00,NSE:INDUSINDBK,292.5,297.95001,247.3,260.10001,8363828.0
2010-12-13 09:15:00,NSE:INDUSINDBK,261.79999,270.5,240.0,250.5,6460973.0
2010-12-20 09:15:00,NSE:INDUSINDBK,251.85001,255.2,241.25,250.5,4825410.0
2010-12-27 09:15:00,NSE:INDUSINDBK,252.25,270.79999,248.14999,264.85001,3086989.0
2011-01-03 09:15:00,NSE:INDUSINDBK,265.89999,269.85001,226.0,230.25,4240621.0
2011-01-10 09:15:00,NSE:INDUSINDBK,231.60001,244.64999,220.75,228.7,5699332.0
2011-01-17 09:15:00,NSE:INDUSINDBK,230.10001,241.7,223.25,232.05,10559585.0
2011-01-24 09:15:00,NSE:INDUSINDBK,234.64999,242.95,209.5,215.60001,7277522.0
2011-01-31 09:15:00,NSE:INDUSINDBK,210.10001,228.7,205.0,220.45,4031047.0
2011-02-07 09:15:00,NSE:INDUSINDBK,221.0,224.85001,203.55,212.2,6185709.0
2011-02-14 09:15:00,NSE:INDUSINDBK,216.55,237.89999,214.39999,226.55,7912762.0
2011-02-21 09:15:00,NSE:INDUSINDBK,228.7,238.0,213.0,215.60001,8777593.0
2011-02-28 09:15:00,NSE:INDUSINDBK,218.0,242.0,211.3,238.8,8007730.0
2011-03-07 09:15:00,NSE:INDUSINDBK,240.0,252.25,233.5,240.3,5681894.0
2011-03-14 09:15:00,NSE:INDUSINDBK,240.5,250.0,235.60001,243.25,2790599.0
2011-03-21 09:15:00,NSE:INDUSINDBK,245.89999,263.60001,241.5,262.25,3727008.0
2011-03-28 09:15:00,NSE:INDUSINDBK,261.70001,280.5,258.95001,265.54999,4957831.0
2011-04-04 09:15:00,NSE:INDUSINDBK,266.79999,276.79999,265.0,271.89999,2827322.0
2011-04-11 09:15:00,NSE:INDUSINDBK,269.25,283.39999,268.95001,279.95001,2031762.0
2011-04-18 09:15:00,NSE:INDUSINDBK,283.89999,286.79999,270.75,274.89999,5073153.0
2011-04-25 09:15:00,NSE:INDUSINDBK,276.89999,279.35001,258.95001,259.79999,2712068.0
2011-05-02 09:15:00,NSE:INDUSINDBK,261.04999,261.79999,200.0,250.95,3881871.0
2011-05-09 09:15:00,NSE:INDUSINDBK,255.0,259.75,245.05,252.55,2449211.0
2011-05-16 09:15:00,NSE:INDUSINDBK,248.45,251.5,235.7,249.45,2456439.0
2011-05-23 09:15:00,NSE:INDUSINDBK,245.39999,260.70001,239.64999,259.64999,3619698.0
2011-05-30 09:15:00,NSE:INDUSINDBK,260.0,268.79999,255.10001,267.10001,1927297.0
2011-06-06 09:15:00,NSE:INDUSINDBK,266.89999,268.95001,258.10001,259.45001,1357603.0
2011-06-13 09:15:00,NSE:INDUSINDBK,259.45001,265.60001,251.75,254.3,2806107.0
2011-06-20 09:15:00,NSE:INDUSINDBK,254.0,268.0,241.5,266.29999,2219730.0
2011-06-27 09:15:00,NSE:INDUSINDBK,261.39999,279.29999,261.39999,275.0,2883713.0
2011-07-04 09:15:00,NSE:INDUSINDBK,277.64999,292.0,276.5,287.5,6532779.0
2011-07-11 09:15:00,NSE:INDUSINDBK,288.39999,288.39999,272.5,279.10001,2443761.0
2011-07-18 09:15:00,NSE:INDUSINDBK,279.0,282.79999,270.0,276.25,2224228.0
2011-07-25 09:15:00,NSE:INDUSINDBK,278.39999,280.79999,267.5,271.20001,1748247.0
2011-08-01 09:15:00,NSE:INDUSINDBK,275.95001,284.0,251.3,262.79999,1288292.0
2011-08-08 09:15:00,NSE:INDUSINDBK,255.10001,272.04999,252.2,254.89999,4671284.0
2011-08-16 09:15:00,NSE:INDUSINDBK,259.70001,259.70001,228.10001,236.39999,3609441.0
2011-08-22 09:15:00,NSE:INDUSINDBK,236.95,243.5,224.10001,226.60001,4832492.0
2011-08-29 09:15:00,NSE:INDUSINDBK,230.60001,253.3,229.0,251.45,914776.0
2011-09-05 09:15:00,NSE:INDUSINDBK,245.35001,275.5,245.35001,267.70001,1901609.0
2011-09-12 09:15:00,NSE:INDUSINDBK,261.10001,269.0,249.75,266.20001,1555176.0
2011-09-19 09:15:00,NSE:INDUSINDBK,264.64999,275.85001,246.8,254.0,2624773.0
2011-09-26 09:15:00,NSE:INDUSINDBK,255.14999,272.29999,246.64999,262.25,1831587.0
2011-10-03 09:15:00,NSE:INDUSINDBK,259.89999,262.0,235.5,243.35001,3993388.0
2011-10-10 09:15:00,NSE:INDUSINDBK,244.75,275.0,241.0,264.0,1997221.0
2011-10-17 09:15:00,NSE:INDUSINDBK,264.79999,275.75,263.75,273.45001,4387151.0
2011-10-24 09:15:00,NSE:INDUSINDBK,276.10001,284.95001,271.0,281.89999,2523911.0
2011-10-31 09:15:00,NSE:INDUSINDBK,282.0,288.0,274.10001,276.20001,2001304.0
2011-11-08 09:15:00,NSE:INDUSINDBK,278.5,279.89999,261.60001,268.79999,1073153.0
2011-11-14 09:15:00,NSE:INDUSINDBK,267.0,271.85001,245.3,257.70001,2783355.0
2011-11-21 09:15:00,NSE:INDUSINDBK,257.70001,268.0,240.55,254.89999,3347698.0
2011-11-28 09:15:00,NSE:INDUSINDBK,254.89999,276.0,245.5,274.79999,4314176.0
2011-12-05 09:15:00,NSE:INDUSINDBK,277.45001,277.45001,251.7,260.39999,3426152.0
2011-12-12 09:15:00,NSE:INDUSINDBK,262.29999,265.5,248.7,251.85001,3148943.0
2011-12-19 09:15:00,NSE:INDUSINDBK,248.10001,249.7,222.14999,239.60001,3081521.0
2011-12-26 09:15:00,NSE:INDUSINDBK,240.89999,245.0,224.0,225.85001,1415237.0
2012-01-02 09:15:00,NSE:INDUSINDBK,225.5,248.8,222.25,240.89999,1727817.0
2012-01-09 09:15:00,NSE:INDUSINDBK,244.89999,290.29999,241.05,280.25,7025100.0
2012-01-16 09:15:00,NSE:INDUSINDBK,278.0,285.45001,270.5,280.60001,1587504.0
2012-01-23 09:15:00,NSE:INDUSINDBK,280.60001,300.95001,277.0,287.85001,2107898.0
2012-01-30 09:15:00,NSE:INDUSINDBK,279.20001,302.45001,276.14999,298.39999,2325535.0
2012-02-06 09:15:00,NSE:INDUSINDBK,302.85001,320.60001,296.79999,319.04999,2903118.0
2012-02-13 09:15:00,NSE:INDUSINDBK,320.79999,333.0,303.79999,312.85001,3641476.0
2012-02-21 09:15:00,NSE:INDUSINDBK,312.79999,322.0,295.14999,301.5,4208873.0
2012-02-27 09:15:00,NSE:INDUSINDBK,303.0,321.0,288.54999,316.20001,7750675.0
2012-03-05 09:15:00,NSE:INDUSINDBK,313.5,319.70001,300.45001,316.35001,3090831.0
2012-03-12 09:15:00,NSE:INDUSINDBK,318.10001,324.79999,288.0,306.45001,5205129.0
2012-03-19 09:15:00,NSE:INDUSINDBK,304.0,324.79999,297.10001,311.64999,2404872.0
2012-03-26 09:15:00,NSE:INDUSINDBK,308.95001,323.5,292.79999,321.64999,3740015.0
2012-04-02 09:15:00,NSE:INDUSINDBK,322.20001,335.29999,317.54999,333.85001,1290113.0
2012-04-09 09:15:00,NSE:INDUSINDBK,329.39999,343.5,325.35001,330.60001,1764152.0
2012-04-16 09:15:00,NSE:INDUSINDBK,333.04999,351.89999,331.10001,343.45001,4429458.0
2012-04-23 09:15:00,NSE:INDUSINDBK,345.0,370.0,319.10001,320.85001,2859177.0
2012-04-30 09:15:00,NSE:INDUSINDBK,322.54999,335.89999,315.20001,322.5,1460970.0
2012-05-07 09:15:00,NSE:INDUSINDBK,318.60001,329.79999,303.89999,312.45001,2685172.0
2012-05-14 09:15:00,NSE:INDUSINDBK,312.45001,360.45001,295.0,305.39999,2869897.0
2012-05-21 09:15:00,NSE:INDUSINDBK,305.10001,312.39999,298.14999,308.45001,2243289.0
2012-05-28 09:15:00,NSE:INDUSINDBK,310.0,312.85001,295.5,298.10001,2001369.0
2012-06-04 09:15:00,NSE:INDUSINDBK,290.35001,329.85001,287.70001,327.54999,2328874.0
2012-06-11 09:15:00,NSE:INDUSINDBK,330.0,334.29999,312.70001,318.70001,2409428.0
2012-06-18 09:15:00,NSE:INDUSINDBK,320.89999,326.79999,305.35001,324.5,2530061.0
2012-06-25 09:15:00,NSE:INDUSINDBK,326.0,349.0,320.60001,340.25,1919348.0
2012-07-02 09:15:00,NSE:INDUSINDBK,342.14999,348.79999,336.10001,344.79999,1157988.0
2012-07-09 09:15:00,NSE:INDUSINDBK,342.0,349.0,279.0,337.04999,3003539.0
2012-07-16 09:15:00,NSE:INDUSINDBK,338.0,339.39999,330.0,333.89999,1472875.0
2012-07-23 09:15:00,NSE:INDUSINDBK,330.04999,336.0,320.0,327.45001,1966224.0
2012-07-30 09:15:00,NSE:INDUSINDBK,329.70001,335.79999,320.0,322.89999,1788707.0
2012-08-06 09:15:00,NSE:INDUSINDBK,327.64999,335.0,320.5,322.5,2610216.0
2012-08-13 09:15:00,NSE:INDUSINDBK,322.5,338.0,320.29999,333.25,1342277.0
2012-08-21 09:15:00,NSE:INDUSINDBK,334.79999,339.79999,326.0,328.45001,1483838.0
2012-08-27 09:15:00,NSE:INDUSINDBK,328.0,329.54999,310.45001,316.54999,1627965.0
2012-09-03 09:15:00,NSE:INDUSINDBK,317.45001,321.0,310.89999,316.39999,2284071.0
2012-09-10 09:15:00,NSE:INDUSINDBK,317.85001,320.20001,308.10001,318.75,3231038.0
2012-09-17 09:15:00,NSE:INDUSINDBK,325.79999,352.0,320.35001,337.85001,3109372.0
2012-09-24 09:15:00,NSE:INDUSINDBK,335.54999,357.0,335.54999,355.29999,2992759.0
2012-10-01 09:15:00,NSE:INDUSINDBK,358.85001,376.0,355.0,369.25,2109675.0
2012-10-08 09:15:00,NSE:INDUSINDBK,368.20001,374.79999,355.10001,365.70001,5135478.0
2012-10-15 09:15:00,NSE:INDUSINDBK,366.04999,368.5,352.75,362.54999,2003718.0
2012-10-22 09:15:00,NSE:INDUSINDBK,356.79999,371.35001,352.5,362.60001,1134160.0
2012-10-29 09:15:00,NSE:INDUSINDBK,365.45001,370.0,356.0,365.85001,1281243.0
2012-11-05 09:15:00,NSE:INDUSINDBK,366.39999,370.85001,361.04999,368.0,2639000.0
2012-11-12 09:15:00,NSE:INDUSINDBK,368.95001,387.0,365.39999,377.89999,2070459.0
2012-11-19 09:15:00,NSE:INDUSINDBK,378.85001,390.0,366.20001,374.10001,4176825.0
2012-11-26 09:15:00,NSE:INDUSINDBK,377.0,419.5,377.0,416.75,8398298.0
2012-12-03 09:15:00,NSE:INDUSINDBK,406.10001,429.0,406.10001,411.45001,4942248.0
2012-12-10 09:15:00,NSE:INDUSINDBK,415.64999,423.0,403.0,422.0,7580408.0
2012-12-17 09:15:00,NSE:INDUSINDBK,420.54999,435.89999,417.29999,427.20001,5329785.0
2012-12-24 09:15:00,NSE:INDUSINDBK,427.20001,432.0,412.45001,415.0,8054054.0
2012-12-31 09:15:00,NSE:INDUSINDBK,416.70001,442.0,415.04999,430.75,4348053.0
2013-01-07 09:15:00,NSE:INDUSINDBK,432.5,444.89999,427.95001,431.04999,9545076.0
2013-01-14 09:15:00,NSE:INDUSINDBK,431.95001,444.35001,416.10001,419.95001,5305860.0
2013-01-21 09:15:00,NSE:INDUSINDBK,418.79999,433.89999,407.60001,431.5,7998518.0
2013-01-28 09:15:00,NSE:INDUSINDBK,431.5,443.0,422.04999,438.29999,3984296.0
2013-02-04 09:15:00,NSE:INDUSINDBK,442.45001,443.60001,417.45001,424.79999,5045644.0
2013-02-11 09:15:00,NSE:INDUSINDBK,425.60001,449.70001,424.29999,439.85001,4529916.0
2013-02-18 09:15:00,NSE:INDUSINDBK,439.20001,445.95001,424.45001,428.20001,2383058.0
2013-02-25 09:15:00,NSE:INDUSINDBK,434.70001,434.70001,397.60001,400.95001,4633764.0
2013-03-04 09:15:00,NSE:INDUSINDBK,399.0,438.0,390.20001,436.14999,7601969.0
2013-03-11 09:15:00,NSE:INDUSINDBK,437.89999,440.5,415.20001,421.35001,4997839.0
2013-03-18 09:15:00,NSE:INDUSINDBK,419.70001,420.79999,395.79999,400.35001,8074647.0
2013-03-25 09:15:00,NSE:INDUSINDBK,410.0,410.0,381.5,404.70001,6471001.0
2013-04-01 09:15:00,NSE:INDUSINDBK,407.5,428.5,398.14999,400.0,7621544.0
2013-04-08 09:15:00,NSE:INDUSINDBK,400.60001,406.79999,383.04999,402.5,11340928.0
2013-04-15 09:15:00,NSE:INDUSINDBK,404.20001,456.0,400.0,451.95001,10445627.0
2013-04-22 09:15:00,NSE:INDUSINDBK,451.10001,478.5,450.60001,457.5,11699150.0
2013-04-29 09:15:00,NSE:INDUSINDBK,457.5,484.20001,448.70001,468.0,6537569.0
2013-05-06 09:15:00,NSE:INDUSINDBK,465.5,509.5,456.64999,504.25,9961810.0
2013-05-13 09:15:00,NSE:INDUSINDBK,507.95001,527.29999,487.10001,511.0,8386192.0
2013-05-20 09:15:00,NSE:INDUSINDBK,513.0,519.5,484.85001,499.89999,5403129.0
2013-05-27 09:15:00,NSE:INDUSINDBK,497.0,531.90002,496.95001,517.0,6127502.0
2013-06-03 09:15:00,NSE:INDUSINDBK,520.0,525.40002,501.45001,507.45001,4874563.0
2013-06-10 09:15:00,NSE:INDUSINDBK,503.64999,512.0,471.64999,481.60001,6435016.0
2013-06-17 09:15:00,NSE:INDUSINDBK,479.29999,488.5,440.35001,467.0,5722903.0
2013-06-24 09:15:00,NSE:INDUSINDBK,462.45001,479.79999,449.0,466.5,7996708.0
2013-07-01 09:15:00,NSE:INDUSINDBK,466.5,485.0,463.10001,477.25,5283849.0
2013-07-08 09:15:00,NSE:INDUSINDBK,473.0,516.79999,468.0,504.0,10388134.0
2013-07-15 09:15:00,NSE:INDUSINDBK,502.04999,509.75,440.20001,446.5,14368062.0
2013-07-22 09:15:00,NSE:INDUSINDBK,445.0,471.0,404.10001,423.39999,14956350.0
2013-07-29 09:15:00,NSE:INDUSINDBK,420.25,425.75,367.79999,388.75,15639965.0
2013-08-05 09:15:00,NSE:INDUSINDBK,398.89999,401.85001,353.0,374.0,9809065.0
2013-08-12 09:15:00,NSE:INDUSINDBK,372.54999,392.20001,348.0,351.0,9696775.0
2013-08-19 09:15:00,NSE:INDUSINDBK,350.0,383.70001,311.5,370.70001,28514598.0
2013-08-26 09:15:00,NSE:INDUSINDBK,375.0,383.0,318.0,353.10001,18547826.0
2013-09-02 09:15:00,NSE:INDUSINDBK,357.95001,415.89999,342.5,412.10001,22129009.0
2013-09-10 09:15:00,NSE:INDUSINDBK,425.0,435.60001,388.10001,399.39999,11934035.0
2013-09-16 09:15:00,NSE:INDUSINDBK,409.95001,474.10001,387.35001,412.0,27490866.0
2013-09-23 09:15:00,NSE:INDUSINDBK,398.0,409.5,372.0,378.5,13308000.0
2013-09-30 09:15:00,NSE:INDUSINDBK,372.0,405.0,361.70001,395.45001,9657294.0
2013-10-07 09:15:00,NSE:INDUSINDBK,394.29999,429.79999,385.10001,428.0,14237313.0
2013-10-14 09:15:00,NSE:INDUSINDBK,433.95001,440.0,386.45001,414.0,20852272.0
2013-10-21 09:15:00,NSE:INDUSINDBK,415.10001,433.60001,410.70001,425.0,12030135.0
2013-10-28 09:15:00,NSE:INDUSINDBK,427.35001,455.95001,402.60001,448.0,13280507.0
2013-11-05 09:15:00,NSE:INDUSINDBK,445.0,460.0,423.04999,428.0,6303547.0
2013-11-11 09:15:00,NSE:INDUSINDBK,421.20001,432.35001,398.0,412.5,8798973.0
2013-11-18 09:15:00,NSE:INDUSINDBK,417.5,431.95001,400.0,408.35001,9776935.0
2013-11-25 09:15:00,NSE:INDUSINDBK,409.29999,425.5,404.25,423.5,8099352.0
2013-12-02 09:15:00,NSE:INDUSINDBK,425.39999,448.5,421.10001,446.89999,8829413.0
2013-12-09 09:15:00,NSE:INDUSINDBK,461.0,472.60001,412.5,417.64999,10987655.0
2013-12-16 09:15:00,NSE:INDUSINDBK,415.35001,435.0,409.14999,424.5,12150421.0
2013-12-23 09:15:00,NSE:INDUSINDBK,422.5,434.0,416.79999,422.70001,4743723.0
2013-12-30 09:15:00,NSE:INDUSINDBK,424.85001,432.89999,406.60001,414.39999,5170079.0
2014-01-06 09:15:00,NSE:INDUSINDBK,414.14999,428.5,402.39999,403.60001,12128295.0
2014-01-13 09:15:00,NSE:INDUSINDBK,406.0,429.64999,401.45001,423.39999,8391306.0
2014-01-20 09:15:00,NSE:INDUSINDBK,422.89999,440.0,414.04999,415.0,6455594.0
2014-01-27 09:15:00,NSE:INDUSINDBK,405.29999,410.10001,369.5,383.25,13380773.0
2014-02-03 09:15:00,NSE:INDUSINDBK,380.45001,398.25,372.20001,387.79999,7082250.0
2014-02-10 09:15:00,NSE:INDUSINDBK,389.14999,392.79999,371.75,376.89999,4770678.0
2014-02-17 09:15:00,NSE:INDUSINDBK,376.10001,394.70001,375.0,392.04999,8996886.0
2014-02-24 09:15:00,NSE:INDUSINDBK,390.0,406.75,387.0,397.5,6269086.0
2014-03-03 09:15:00,NSE:INDUSINDBK,397.0,452.60001,390.35001,444.10001,10701100.0
2014-03-10 09:15:00,NSE:INDUSINDBK,445.70001,479.85001,442.10001,468.14999,13892823.0
2014-03-18 09:15:00,NSE:INDUSINDBK,470.0,484.89999,467.85001,471.45001,7784281.0
2014-03-24 09:15:00,NSE:INDUSINDBK,475.0,509.5,475.0,501.45001,12823039.0
2014-03-31 09:15:00,NSE:INDUSINDBK,505.0,509.89999,491.54999,500.85001,9816482.0
2014-04-07 09:15:00,NSE:INDUSINDBK,500.85001,520.5,488.35001,490.14999,6593036.0
2014-04-15 09:15:00,NSE:INDUSINDBK,494.0,504.10001,479.39999,498.95001,6549863.0
2014-04-21 09:15:00,NSE:INDUSINDBK,500.0,508.35001,491.20001,495.35001,6564270.0
2014-04-28 09:15:00,NSE:INDUSINDBK,497.89999,499.0,472.70001,476.54999,5183550.0
2014-05-05 09:15:00,NSE:INDUSINDBK,478.39999,517.90002,471.0,513.5,7952384.0
2014-05-12 09:15:00,NSE:INDUSINDBK,518.0,587.0,512.40002,561.95001,10428986.0
2014-05-19 09:15:00,NSE:INDUSINDBK,562.09998,583.34998,546.40002,560.84998,9855660.0
2014-05-26 09:15:00,NSE:INDUSINDBK,568.0,571.79999,528.59998,533.95001,7251439.0
2014-06-02 09:15:00,NSE:INDUSINDBK,532.09998,554.90002,531.0,545.29999,4975959.0
2014-06-09 09:15:00,NSE:INDUSINDBK,548.0,571.65002,533.70001,536.65002,5315219.0
2014-06-16 09:15:00,NSE:INDUSINDBK,535.0,560.0,520.65002,555.5,5780116.0
2014-06-23 09:15:00,NSE:INDUSINDBK,556.09998,582.0,556.09998,571.79999,5855507.0
2014-06-30 09:15:00,NSE:INDUSINDBK,573.84998,587.0,557.0,569.45001,4324324.0
2014-07-07 09:15:00,NSE:INDUSINDBK,569.90002,571.0,530.25,536.25,6520825.0
2014-07-14 09:15:00,NSE:INDUSINDBK,534.09998,545.90002,527.09998,542.34998,4371114.0
2014-07-21 09:15:00,NSE:INDUSINDBK,543.0,568.75,543.0,550.0,4449931.0
2014-07-28 09:15:00,NSE:INDUSINDBK,551.75,572.0,544.84998,548.59998,2807679.0
2014-08-04 09:15:00,NSE:INDUSINDBK,549.75,560.0,535.29999,537.20001,2226367.0
2014-08-11 09:15:00,NSE:INDUSINDBK,539.5,550.20001,535.79999,548.25,1577106.0
2014-08-18 09:15:00,NSE:INDUSINDBK,545.0,574.75,543.84998,569.95001,3621916.0
2014-08-25 09:15:00,NSE:INDUSINDBK,569.15002,587.90002,557.59998,585.45001,2527875.0
2014-09-01 09:15:00,NSE:INDUSINDBK,586.54999,622.40002,586.54999,613.20001,5494297.0
2014-09-08 09:15:00,NSE:INDUSINDBK,618.0,642.5,613.0,631.29999,3688873.0
2014-09-15 09:15:00,NSE:INDUSINDBK,627.40002,637.45001,612.0,630.09998,3555874.0
2014-09-22 09:15:00,NSE:INDUSINDBK,626.0,646.95001,604.0,624.5,4146004.0
2014-09-29 09:15:00,NSE:INDUSINDBK,625.0,631.90002,600.59998,601.84998,1752422.0
2014-10-07 09:15:00,NSE:INDUSINDBK,596.0,631.54999,594.5,623.25,3042822.0
2014-10-13 09:15:00,NSE:INDUSINDBK,626.90002,666.90002,624.0,660.84998,8204500.0
2014-10-20 09:15:00,NSE:INDUSINDBK,670.04999,690.0,663.0,683.65002,2283070.0
2014-10-27 09:15:00,NSE:INDUSINDBK,692.0,722.0,685.70001,720.09998,5353562.0
2014-11-03 09:15:00,NSE:INDUSINDBK,724.90002,731.54999,705.40002,728.40002,2531339.0
2014-11-10 09:15:00,NSE:INDUSINDBK,729.0,736.34998,716.79999,730.54999,4124403.0
2014-11-17 09:15:00,NSE:INDUSINDBK,730.54999,733.75,700.09998,714.29999,3208370.0
2014-11-24 09:15:00,NSE:INDUSINDBK,717.5,759.79999,703.0,750.45001,5174741.0
2014-12-01 09:15:00,NSE:INDUSINDBK,751.95001,795.29999,745.59998,787.29999,4698567.0
2014-12-08 09:15:00,NSE:INDUSINDBK,788.59998,789.5,768.09998,778.65002,2703622.0
2014-12-15 09:15:00,NSE:INDUSINDBK,775.0,799.25,752.20001,770.59998,4579404.0
2014-12-22 09:15:00,NSE:INDUSINDBK,772.0,793.79999,764.09998,784.45001,2220255.0
2014-12-29 09:15:00,NSE:INDUSINDBK,787.0,823.34998,775.0,815.90002,3620596.0
2015-01-05 09:15:00,NSE:INDUSINDBK,818.0,821.79999,786.54999,802.0,2728450.0
2015-01-12 09:15:00,NSE:INDUSINDBK,804.95001,849.15002,797.0,831.84998,8054542.0
2015-01-19 09:15:00,NSE:INDUSINDBK,835.0,863.95001,822.59998,857.34998,5127035.0
2015-01-27 09:15:00,NSE:INDUSINDBK,857.0,884.79999,851.40002,870.20001,3341883.0
2015-02-02 09:15:00,NSE:INDUSINDBK,865.09998,889.79999,840.5,845.29999,3757087.0
2015-02-09 09:15:00,NSE:INDUSINDBK,838.75,877.65002,815.70001,875.34998,3619274.0
2015-02-16 09:15:00,NSE:INDUSINDBK,872.5,881.40002,842.45001,876.79999,2753135.0
2015-02-23 09:15:00,NSE:INDUSINDBK,876.0,922.45001,837.54999,916.54999,5323309.0
2015-03-02 09:15:00,NSE:INDUSINDBK,925.0,962.54999,893.15002,913.20001,3616369.0
2015-03-09 09:15:00,NSE:INDUSINDBK,908.0,913.54999,865.25,875.20001,4200605.0
2015-03-16 09:15:00,NSE:INDUSINDBK,875.25,920.90002,866.25,886.34998,4230512.0
2015-03-23 09:15:00,NSE:INDUSINDBK,888.0,896.45001,850.90002,880.75,5570677.0
2015-03-30 09:15:00,NSE:INDUSINDBK,886.04999,928.65002,876.09998,925.25,1949501.0
2015-04-06 09:15:00,NSE:INDUSINDBK,926.0,951.45001,900.04999,945.25,3615920.0
2015-04-13 09:15:00,NSE:INDUSINDBK,948.0,967.0,873.15002,876.0,7848423.0
2015-04-20 09:15:00,NSE:INDUSINDBK,874.70001,881.25,820.0,830.54999,7375813.0
2015-04-27 09:15:00,NSE:INDUSINDBK,834.0,842.0,806.09998,823.79999,5696548.0
2015-05-04 09:15:00,NSE:INDUSINDBK,828.0,849.5,786.0,810.45001,5686670.0
2015-05-11 09:15:00,NSE:INDUSINDBK,816.40002,841.29999,794.20001,833.34998,5771002.0
2015-05-18 09:15:00,NSE:INDUSINDBK,829.75,861.65002,827.54999,852.59998,3827418.0
2015-05-25 09:15:00,NSE:INDUSINDBK,851.79999,880.0,841.29999,873.95001,3686679.0
2015-06-01 09:15:00,NSE:INDUSINDBK,870.0,885.0,830.0,834.45001,3467424.0
2015-06-08 09:15:00,NSE:INDUSINDBK,828.0,830.70001,784.0,810.79999,5651076.0
2015-06-15 09:15:00,NSE:INDUSINDBK,810.0,837.29999,787.0,834.70001,4018886.0
2015-06-22 09:15:00,NSE:INDUSINDBK,833.79999,885.45001,829.20001,869.40002,6851885.0
2015-06-29 09:15:00,NSE:INDUSINDBK,859.5,900.54999,841.09998,893.5,4048605.0
2015-07-06 09:15:00,NSE:INDUSINDBK,883.79999,912.0,873.90002,894.95001,3930068.0
2015-07-13 09:15:00,NSE:INDUSINDBK,904.20001,938.75,895.04999,935.84998,8074768.0
2015-07-20 09:15:00,NSE:INDUSINDBK,936.0,966.5,930.40002,955.84998,3581601.0
2015-07-27 09:15:00,NSE:INDUSINDBK,949.79999,989.29999,929.09998,977.70001,4621606.0
2015-08-03 09:15:00,NSE:INDUSINDBK,978.0,986.0,940.04999,946.95001,3475393.0
2015-08-10 09:15:00,NSE:INDUSINDBK,946.5,963.5,906.25,959.0,3067477.0
2015-08-17 09:15:00,NSE:INDUSINDBK,959.95001,971.5,893.29999,905.25,3690035.0
2015-08-24 09:15:00,NSE:INDUSINDBK,880.0,884.0,830.25,847.65002,7573605.0
2015-08-31 09:15:00,NSE:INDUSINDBK,841.0,865.0,809.25,840.79999,4880311.0
2015-09-07 09:15:00,NSE:INDUSINDBK,850.0,885.90002,812.65002,868.70001,8556174.0
2015-09-14 09:15:00,NSE:INDUSINDBK,868.0,930.5,868.0,918.65002,6327620.0
2015-09-21 09:15:00,NSE:INDUSINDBK,905.0,932.09998,873.0,926.90002,5356969.0
2015-09-28 09:15:00,NSE:INDUSINDBK,927.0,963.25,901.29999,957.59998,8242762.0
2015-10-05 09:15:00,NSE:INDUSINDBK,966.0,969.90002,934.25,940.04999,9134141.0
2015-10-12 09:15:00,NSE:INDUSINDBK,944.0,966.0,936.5,962.70001,4767037.0
2015-10-19 09:15:00,NSE:INDUSINDBK,964.5,973.34998,951.90002,959.79999,2580559.0
2015-10-26 09:15:00,NSE:INDUSINDBK,964.0,964.90002,902.34998,911.90002,5017186.0
2015-11-02 09:15:00,NSE:INDUSINDBK,911.90002,924.0,901.25,920.95001,4751191.0
2015-11-09 09:15:00,NSE:INDUSINDBK,903.0,925.59998,880.0,892.25,3187899.0
2015-11-16 09:15:00,NSE:INDUSINDBK,889.40002,931.5,889.40002,921.84998,3663988.0
2015-11-23 09:15:00,NSE:INDUSINDBK,923.0,929.95001,910.59998,923.34998,3482757.0
2015-11-30 09:15:00,NSE:INDUSINDBK,925.40002,949.5,922.29999,942.95001,4930815.0
2015-12-07 09:15:00,NSE:INDUSINDBK,943.0,957.34998,907.09998,916.15002,4441211.0
2015-12-14 09:15:00,NSE:INDUSINDBK,911.70001,951.79999,903.75,935.04999,6016146.0
2015-12-21 09:15:00,NSE:INDUSINDBK,936.0,952.75,930.29999,945.40002,1978025.0
2015-12-28 09:15:00,NSE:INDUSINDBK,946.5,972.29999,944.5,963.84998,4759481.0
2016-01-04 09:15:00,NSE:INDUSINDBK,961.79999,961.84998,920.75,947.04999,5741786.0
2016-01-11 09:15:00,NSE:INDUSINDBK,939.95001,944.75,905.09998,921.54999,12101832.0
2016-01-18 09:15:00,NSE:INDUSINDBK,916.54999,960.0,866.79999,898.0,5600277.0
2016-01-25 09:15:00,NSE:INDUSINDBK,905.0,935.0,880.04999,928.79999,4769080.0
2016-02-01 09:15:00,NSE:INDUSINDBK,928.75,939.59998,891.0,911.84998,4844710.0
2016-02-08 09:15:00,NSE:INDUSINDBK,910.59998,910.65002,799.0,811.95001,15115169.0
2016-02-15 09:15:00,NSE:INDUSINDBK,825.0,850.34998,813.40002,841.5,7652472.0
2016-02-22 09:15:00,NSE:INDUSINDBK,845.0,855.45001,804.75,816.34998,6081221.0
2016-02-29 09:15:00,NSE:INDUSINDBK,817.5,921.29999,802.0,915.90002,10027068.0
2016-03-08 09:15:00,NSE:INDUSINDBK,916.0,937.45001,904.0,926.70001,6076392.0
2016-03-14 09:15:00,NSE:INDUSINDBK,929.0,934.75,901.34998,929.0,7877366.0
2016-03-21 09:15:00,NSE:INDUSINDBK,930.0,937.0,922.70001,928.04999,4009683.0
2016-03-28 09:15:00,NSE:INDUSINDBK,927.0,970.0,911.65002,961.29999,11589051.0
2016-04-04 09:15:00,NSE:INDUSINDBK,961.29999,970.0,935.0,937.0,5736893.0
2016-04-11 09:15:00,NSE:INDUSINDBK,939.0,994.45001,936.5,986.40002,4900818.0
2016-04-18 09:15:00,NSE:INDUSINDBK,986.40002,993.79999,964.5,981.5,7828959.0
2016-04-25 09:15:00,NSE:INDUSINDBK,982.40002,1053.5,974.15002,1048.85,10355284.0
2016-05-02 09:15:00,NSE:INDUSINDBK,1043.0,1057.25,1025.25,1042.2,5544787.0
2016-05-09 09:15:00,NSE:INDUSINDBK,1042.0,1071.4,1036.1,1065.2,6897162.0
2016-05-16 09:15:00,NSE:INDUSINDBK,1063.0,1099.8,1058.05,1070.45,4855410.0
2016-05-23 09:15:00,NSE:INDUSINDBK,1072.35,1111.85,1039.15,1104.1,6071080.0
2016-05-30 09:15:00,NSE:INDUSINDBK,1106.2,1132.5,1095.0,1123.95,4575246.0
2016-06-06 09:15:00,NSE:INDUSINDBK,1124.95,1130.0,1093.2,1109.9,3880460.0
2016-06-13 09:15:00,NSE:INDUSINDBK,1100.0,1125.6,1085.5,1099.2,4934383.0
2016-06-20 09:15:00,NSE:INDUSINDBK,1089.85,1113.0,1045.75,1095.8,5858809.0
2016-06-27 09:15:00,NSE:INDUSINDBK,1091.8,1128.5,1074.4,1123.35,4627305.0
2016-07-04 09:15:00,NSE:INDUSINDBK,1124.0,1130.5,1095.5,1126.7,4503635.0
2016-07-11 09:15:00,NSE:INDUSINDBK,1146.0,1147.0,1100.5,1126.8,11255576.0
2016-07-18 09:15:00,NSE:INDUSINDBK,1128.05,1145.0,1101.0,1138.85,6873305.0
2016-07-25 09:15:00,NSE:INDUSINDBK,1135.0,1192.0,1132.85,1175.65,6723191.0
2016-08-01 09:15:00,NSE:INDUSINDBK,1173.0,1211.9,1157.5,1184.6,4622941.0
2016-08-08 09:15:00,NSE:INDUSINDBK,1190.35,1206.8,1145.45,1173.8,4684728.0
2016-08-16 09:15:00,NSE:INDUSINDBK,1171.0,1203.75,1149.0,1188.15,4041386.0
2016-08-22 09:15:00,NSE:INDUSINDBK,1192.0,1203.3,1159.35,1163.55,3046232.0
2016-08-29 09:15:00,NSE:INDUSINDBK,1161.2,1199.6,1148.1,1192.15,5853964.0
2016-09-06 09:15:00,NSE:INDUSINDBK,1196.35,1256.05,1196.35,1217.65,4512020.0
2016-09-12 09:15:00,NSE:INDUSINDBK,1198.0,1203.05,1161.9,1169.65,6443988.0
2016-09-19 09:15:00,NSE:INDUSINDBK,1173.2,1230.7,1165.1,1220.8,5555095.0
2016-09-26 09:15:00,NSE:INDUSINDBK,1209.0,1231.9,1181.55,1195.95,5074780.0
2016-10-03 09:15:00,NSE:INDUSINDBK,1201.0,1240.0,1193.9,1220.85,3719499.0
2016-10-10 09:15:00,NSE:INDUSINDBK,1232.0,1245.6,1205.65,1218.65,4681948.0
2016-10-17 09:15:00,NSE:INDUSINDBK,1221.0,1226.3,1200.0,1224.3,4625865.0
2016-10-24 09:15:00,NSE:INDUSINDBK,1221.0,1224.05,1171.1,1199.8,4138955.0
2016-11-01 09:15:00,NSE:INDUSINDBK,1197.0,1236.45,1186.25,1219.2,5258115.0
2016-11-07 09:15:00,NSE:INDUSINDBK,1225.75,1229.15,1150.0,1192.35,6626012.0
2016-11-15 09:15:00,NSE:INDUSINDBK,1198.9,1199.95,1076.0,1101.65,9501300.0
2016-11-21 09:15:00,NSE:INDUSINDBK,1108.0,1108.0,1036.7,1073.35,7304537.0
2016-11-28 09:15:00,NSE:INDUSINDBK,1063.0,1096.6,1042.5,1056.5,7075390.0
2016-12-05 09:15:00,NSE:INDUSINDBK,1055.5,1116.95,1052.3,1112.85,4555480.0
2016-12-12 09:15:00,NSE:INDUSINDBK,1108.8,1108.8,1057.05,1082.7,5580662.0
2016-12-19 09:15:00,NSE:INDUSINDBK,1081.0,1099.95,1037.0,1062.0,5155571.0
2016-12-26 09:15:00,NSE:INDUSINDBK,1061.0,1115.95,1048.8,1107.9,5416609.0
2017-01-02 09:15:00,NSE:INDUSINDBK,1109.95,1155.0,1082.05,1144.05,5669343.0
2017-01-09 09:15:00,NSE:INDUSINDBK,1146.1,1239.15,1138.1,1215.65,11867867.0
2017-01-16 09:15:00,NSE:INDUSINDBK,1211.9,1240.7,1202.0,1220.25,4890189.0
2017-01-23 09:15:00,NSE:INDUSINDBK,1212.3,1269.0,1212.0,1253.35,6600395.0
2017-01-30 09:15:00,NSE:INDUSINDBK,1251.0,1315.5,1233.05,1303.2,7446149.0
2017-02-06 09:15:00,NSE:INDUSINDBK,1310.0,1335.5,1296.75,1322.5,5376515.0
2017-02-13 09:15:00,NSE:INDUSINDBK,1328.2,1365.85,1309.0,1338.05,5228457.0
2017-02-20 09:15:00,NSE:INDUSINDBK,1336.0,1348.0,1321.95,1340.75,6319627.0
2017-02-27 09:15:00,NSE:INDUSINDBK,1340.0,1347.9,1287.55,1299.2,4764576.0
2017-03-06 09:15:00,NSE:INDUSINDBK,1306.8,1343.0,1303.85,1335.75,6468422.0
2017-03-14 09:15:00,NSE:INDUSINDBK,1359.0,1395.9,1345.3,1383.55,4975684.0
2017-03-20 09:15:00,NSE:INDUSINDBK,1384.9,1404.6,1369.5,1389.55,6451673.0
2017-03-27 09:15:00,NSE:INDUSINDBK,1383.2,1431.0,1382.0,1425.15,6505916.0
2017-04-03 09:15:00,NSE:INDUSINDBK,1425.75,1427.95,1393.05,1412.2,3590431.0
2017-04-10 09:15:00,NSE:INDUSINDBK,1412.5,1444.35,1409.05,1437.7,2524951.0
2017-04-17 09:15:00,NSE:INDUSINDBK,1438.0,1444.95,1400.05,1435.0,10018798.0
2017-04-24 09:15:00,NSE:INDUSINDBK,1439.0,1483.45,1431.45,1444.95,5041370.0
2017-05-02 09:15:00,NSE:INDUSINDBK,1454.0,1455.0,1403.7,1408.05,4921081.0
2017-05-08 09:15:00,NSE:INDUSINDBK,1406.5,1438.0,1401.8,1411.75,4244669.0
2017-05-15 09:15:00,NSE:INDUSINDBK,1414.2,1448.3,1383.0,1389.25,4161579.0
2017-05-22 09:15:00,NSE:INDUSINDBK,1390.35,1484.8,1375.2,1477.7,4966444.0
2017-05-29 09:15:00,NSE:INDUSINDBK,1479.0,1519.95,1470.3,1514.55,2986017.0
2017-06-05 09:15:00,NSE:INDUSINDBK,1518.9,1538.0,1495.5,1526.85,3282666.0
2017-06-12 09:15:00,NSE:INDUSINDBK,1520.0,1524.25,1485.15,1498.9,3828516.0
2017-06-19 09:15:00,NSE:INDUSINDBK,1503.1,1521.5,1485.3,1491.4,3526934.0
2017-06-27 09:15:00,NSE:INDUSINDBK,1495.0,1509.8,1462.3,1478.95,3870558.0
2017-07-03 09:15:00,NSE:INDUSINDBK,1482.9,1529.9,1472.75,1526.3,4123295.0
2017-07-10 09:15:00,NSE:INDUSINDBK,1538.9,1585.0,1526.5,1574.5,6349533.0
2017-07-17 09:15:00,NSE:INDUSINDBK,1576.0,1584.75,1551.15,1566.65,3669766.0
2017-07-24 09:15:00,NSE:INDUSINDBK,1565.65,1637.35,1536.65,1628.35,6219296.0
2017-07-31 09:15:00,NSE:INDUSINDBK,1634.3,1674.0,1616.5,1664.7,3967233.0
2017-08-07 09:15:00,NSE:INDUSINDBK,1670.0,1674.55,1599.0,1625.35,3486905.0
2017-08-14 09:15:00,NSE:INDUSINDBK,1628.5,1654.0,1594.3,1621.05,3092126.0
2017-08-21 09:15:00,NSE:INDUSINDBK,1620.0,1684.0,1611.0,1667.7,3671340.0
2017-08-28 09:15:00,NSE:INDUSINDBK,1667.0,1695.8,1638.1,1692.25,4102063.0
2017-09-04 09:15:00,NSE:INDUSINDBK,1682.5,1715.15,1658.5,1695.9,3705910.0
2017-09-11 09:15:00,NSE:INDUSINDBK,1711.0,1804.0,1691.15,1699.35,10526012.0
2017-09-18 09:15:00,NSE:INDUSINDBK,1706.1,1758.0,1694.0,1707.6,5653671.0
2017-09-25 09:15:00,NSE:INDUSINDBK,1695.25,1713.7,1641.2,1682.2,6774868.0
2017-10-03 09:15:00,NSE:INDUSINDBK,1693.0,1713.65,1667.9,1682.5,3246441.0
2017-10-09 09:15:00,NSE:INDUSINDBK,1682.5,1758.0,1674.0,1750.35,7171655.0
2017-10-16 09:15:00,NSE:INDUSINDBK,1740.0,1746.45,1680.1,1690.85,5639237.0
2017-10-23 09:15:00,NSE:INDUSINDBK,1691.0,1707.25,1572.4,1627.35,10467255.0
2017-10-30 09:15:00,NSE:INDUSINDBK,1635.0,1679.15,1618.1,1674.5,7116535.0
2017-11-06 09:15:00,NSE:INDUSINDBK,1653.2,1689.9,1642.5,1660.3,7201953.0
2017-11-13 09:15:00,NSE:INDUSINDBK,1665.0,1672.5,1592.5,1631.9,5372780.0
2017-11-20 09:15:00,NSE:INDUSINDBK,1635.25,1682.85,1621.0,1676.3,6912670.0
2017-11-27 09:15:00,NSE:INDUSINDBK,1671.7,1692.0,1648.75,1661.1,5846197.0
2017-12-04 09:15:00,NSE:INDUSINDBK,1665.0,1685.8,1646.1,1671.05,4826779.0
2017-12-11 09:15:00,NSE:INDUSINDBK,1678.0,1697.3,1632.0,1677.05,9512211.0
2017-12-18 09:15:00,NSE:INDUSINDBK,1667.0,1694.9,1630.2,1651.85,4753750.0
2017-12-26 09:15:00,NSE:INDUSINDBK,1651.8,1669.9,1645.1,1648.9,3039684.0
2018-01-01 09:15:00,NSE:INDUSINDBK,1652.0,1703.0,1618.1,1698.2,5165642.0
2018-01-08 09:15:00,NSE:INDUSINDBK,1711.0,1752.0,1685.0,1705.25,9492555.0
2018-01-15 09:15:00,NSE:INDUSINDBK,1707.1,1710.3,1645.4,1684.0,5251454.0
2018-01-22 09:15:00,NSE:INDUSINDBK,1684.0,1738.8,1676.6,1730.2,5722306.0
2018-01-29 09:15:00,NSE:INDUSINDBK,1730.2,1817.8,1721.25,1761.3,9036429.0
2018-02-05 09:15:00,NSE:INDUSINDBK,1721.0,1739.05,1635.6,1649.85,6879725.0
2018-02-12 09:15:00,NSE:INDUSINDBK,1649.85,1709.5,1645.2,1658.9,3709547.0
2018-02-19 09:15:00,NSE:INDUSINDBK,1657.8,1657.8,1586.2,1643.5,6126450.0
2018-02-26 09:15:00,NSE:INDUSINDBK,1648.0,1708.95,1648.0,1700.35,3227218.0
2018-03-05 09:15:00,NSE:INDUSINDBK,1688.0,1732.0,1676.65,1697.55,5995660.0
2018-03-12 09:15:00,NSE:INDUSINDBK,1705.0,1753.35,1705.0,1724.7,5358708.0
2018-03-19 09:15:00,NSE:INDUSINDBK,1731.0,1762.9,1702.1,1749.5,7031598.0
2018-03-26 09:15:00,NSE:INDUSINDBK,1751.7,1807.0,1748.2,1796.75,5028792.0
2018-04-02 09:15:00,NSE:INDUSINDBK,1801.6,1841.6,1787.5,1824.15,3661243.0
2018-04-09 09:15:00,NSE:INDUSINDBK,1829.9,1871.9,1826.2,1861.3,3041997.0
2018-04-16 09:15:00,NSE:INDUSINDBK,1858.8,1878.35,1801.1,1812.85,5698029.0
2018-04-23 09:15:00,NSE:INDUSINDBK,1814.4,1900.0,1808.8,1884.7,6183792.0
2018-04-30 09:15:00,NSE:INDUSINDBK,1881.0,1903.2,1851.1,1891.15,3740030.0
2018-05-07 09:15:00,NSE:INDUSINDBK,1893.5,1910.95,1843.0,1894.25,8162487.0
2018-05-14 09:15:00,NSE:INDUSINDBK,1886.0,1951.5,1886.0,1930.0,3657994.0
2018-05-21 09:15:00,NSE:INDUSINDBK,1935.9,1947.0,1836.0,1914.95,4151131.0
2018-05-28 09:15:00,NSE:INDUSINDBK,1919.0,1995.0,1858.2,1915.4,7494478.0
2018-06-04 09:15:00,NSE:INDUSINDBK,1931.95,1963.0,1880.0,1888.7,4824967.0
2018-06-11 09:15:00,NSE:INDUSINDBK,1898.9,1978.4,1895.3,1967.35,6431608.0
2018-06-18 09:15:00,NSE:INDUSINDBK,1962.1,1989.0,1916.75,1953.25,3923466.0
2018-06-25 09:15:00,NSE:INDUSINDBK,1951.0,1995.0,1929.55,1932.2,4502329.0
2018-07-02 09:15:00,NSE:INDUSINDBK,1938.0,1991.0,1928.5,1959.4,4230444.0
2018-07-09 09:15:00,NSE:INDUSINDBK,1968.7,1970.0,1903.1,1923.75,7693651.0
2018-07-16 09:15:00,NSE:INDUSINDBK,1929.95,1950.5,1877.5,1902.55,3974947.0
2018-07-23 09:15:00,NSE:INDUSINDBK,1906.25,1988.8,1903.0,1981.55,6530080.0
2018-07-30 09:15:00,NSE:INDUSINDBK,1978.0,2038.0,1963.25,2015.85,5650955.0
2018-08-06 09:15:00,NSE:INDUSINDBK,2022.9,2025.7,1962.25,1979.5,3410410.0
2018-08-13 09:15:00,NSE:INDUSINDBK,1970.0,2000.0,1963.0,1990.4,2528293.0
2018-08-20 09:15:00,NSE:INDUSINDBK,1992.0,2000.0,1921.55,1928.15,3311191.0
2018-08-27 09:15:00,NSE:INDUSINDBK,1932.55,1968.65,1862.0,1906.6,7208357.0
2018-09-03 09:15:00,NSE:INDUSINDBK,1906.0,1918.85,1825.0,1875.85,4799429.0
2018-09-10 09:15:00,NSE:INDUSINDBK,1872.0,1881.8,1804.8,1872.8,5250646.0
2018-09-17 09:15:00,NSE:INDUSINDBK,1857.8,1889.3,1731.0,1762.45,7708214.0
2018-09-24 09:15:00,NSE:INDUSINDBK,1769.0,1774.3,1649.0,1690.05,16714802.0
2018-10-01 09:15:00,NSE:INDUSINDBK,1660.0,1669.9,1551.35,1607.35,17744927.0
2018-10-08 09:15:00,NSE:INDUSINDBK,1606.0,1666.85,1581.4,1652.7,10055807.0
2018-10-15 09:15:00,NSE:INDUSINDBK,1667.7,1695.95,1570.0,1576.7,19396807.0
2018-10-22 09:15:00,NSE:INDUSINDBK,1590.0,1600.4,1421.5,1445.8,23183838.0
2018-10-29 09:15:00,NSE:INDUSINDBK,1445.0,1554.9,1333.15,1541.8,28437538.0
2018-11-05 09:15:00,NSE:INDUSINDBK,1535.0,1535.0,1442.65,1494.9,7810836.0
2018-11-12 09:15:00,NSE:INDUSINDBK,1501.9,1533.25,1463.55,1501.1,7585832.0
2018-11-19 09:15:00,NSE:INDUSINDBK,1503.0,1569.9,1484.35,1528.85,6796910.0
2018-11-26 09:15:00,NSE:INDUSINDBK,1538.0,1674.45,1532.05,1631.8,9848537.0
2018-12-03 09:15:00,NSE:INDUSINDBK,1648.5,1661.85,1531.05,1566.8,7598844.0
2018-12-10 09:15:00,NSE:INDUSINDBK,1540.0,1628.0,1475.0,1603.85,7033566.0
2018-12-17 09:15:00,NSE:INDUSINDBK,1612.9,1652.7,1572.2,1575.65,5441214.0
2018-12-24 09:15:00,NSE:INDUSINDBK,1578.0,1600.5,1520.3,1583.25,5684480.0
2018-12-31 09:15:00,NSE:INDUSINDBK,1591.3,1605.0,1540.2,1548.2,8968072.0
2019-01-07 09:15:00,NSE:INDUSINDBK,1561.0,1610.0,1508.3,1515.15,19477195.0
2019-01-14 09:15:00,NSE:INDUSINDBK,1509.0,1536.0,1471.0,1516.9,10586122.0
2019-01-21 09:15:00,NSE:INDUSINDBK,1511.3,1517.9,1475.0,1484.9,8540895.0
2019-01-28 09:15:00,NSE:INDUSINDBK,1472.2,1535.4,1430.25,1515.15,10845463.0
2019-02-04 09:15:00,NSE:INDUSINDBK,1508.1,1557.15,1469.35,1499.05,9103634.0
2019-02-11 09:15:00,NSE:INDUSINDBK,1502.9,1530.8,1476.05,1509.5,6563612.0
2019-02-18 09:15:00,NSE:INDUSINDBK,1509.5,1524.9,1455.0,1462.8,7692386.0
2019-02-25 09:15:00,NSE:INDUSINDBK,1465.05,1519.5,1458.2,1514.1,8104190.0
2019-03-05 09:15:00,NSE:INDUSINDBK,1510.0,1547.0,1507.95,1518.0,6558504.0
2019-03-11 09:15:00,NSE:INDUSINDBK,1520.9,1718.0,1502.4,1703.25,27761677.0
2019-03-18 09:15:00,NSE:INDUSINDBK,1708.0,1735.0,1694.3,1698.6,8207576.0
2019-03-25 09:15:00,NSE:INDUSINDBK,1682.1,1834.4,1668.6,1780.0,16200330.0
2019-04-01 09:15:00,NSE:INDUSINDBK,1797.0,1818.0,1723.25,1767.95,11197974.0
2019-04-08 09:15:00,NSE:INDUSINDBK,1768.9,1798.6,1726.1,1736.8,7379579.0
2019-04-15 09:15:00,NSE:INDUSINDBK,1743.5,1823.75,1732.8,1764.3,5424712.0
2019-04-22 09:15:00,NSE:INDUSINDBK,1759.0,1760.0,1645.0,1698.85,12523531.0
2019-04-30 09:15:00,NSE:INDUSINDBK,1679.9,1679.9,1546.8,1556.6,11174299.0
2019-05-06 09:15:00,NSE:INDUSINDBK,1543.3,1543.3,1430.0,1439.9,13349753.0
2019-05-13 09:15:00,NSE:INDUSINDBK,1434.0,1452.0,1348.1,1373.55,19153848.0
2019-05-20 09:15:00,NSE:INDUSINDBK,1400.0,1658.0,1382.3,1648.9,44900085.0
2019-05-27 09:15:00,NSE:INDUSINDBK,1647.9,1647.9,1555.05,1605.35,14234462.0
2019-06-03 09:15:00,NSE:INDUSINDBK,1600.1,1672.95,1482.05,1552.2,18370961.0
2019-06-10 09:15:00,NSE:INDUSINDBK,1564.0,1602.6,1411.25,1426.8,30859932.0
2019-06-17 09:15:00,NSE:INDUSINDBK,1427.5,1465.0,1348.0,1448.65,32172271.0
2019-06-24 09:15:00,NSE:INDUSINDBK,1483.0,1485.0,1400.0,1410.5,17143111.0
2019-07-01 09:15:00,NSE:INDUSINDBK,1427.9,1540.0,1410.1,1532.55,21859359.0
2019-07-08 09:15:00,NSE:INDUSINDBK,1515.25,1562.5,1457.1,1509.5,25787633.0
2019-07-15 09:15:00,NSE:INDUSINDBK,1529.95,1530.0,1407.2,1422.15,21913345.0
2019-07-22 09:15:00,NSE:INDUSINDBK,1418.95,1432.8,1353.35,1415.5,21596327.0
2019-07-29 09:15:00,NSE:INDUSINDBK,1410.0,1447.6,1312.0,1382.9,33877877.0
2019-08-05 09:15:00,NSE:INDUSINDBK,1365.0,1462.05,1350.0,1413.4,25761961.0
2019-08-13 09:15:00,NSE:INDUSINDBK,1415.0,1445.0,1352.2,1439.1,9427166.0
2019-08-19 09:15:00,NSE:INDUSINDBK,1442.0,1457.9,1280.1,1310.5,21167397.0
2019-08-26 09:15:00,NSE:INDUSINDBK,1346.05,1406.5,1267.25,1395.75,29676484.0
2019-09-03 09:15:00,NSE:INDUSINDBK,1380.0,1387.95,1296.55,1331.1,18803388.0
2019-09-09 09:15:00,NSE:INDUSINDBK,1330.0,1412.0,1308.0,1398.6,13337560.0
2019-09-16 09:15:00,NSE:INDUSINDBK,1380.05,1454.4,1271.5,1419.6,26379110.0
2019-09-23 09:15:00,NSE:INDUSINDBK,1462.0,1554.75,1462.0,1480.8,30424003.0
2019-09-30 09:15:00,NSE:INDUSINDBK,1475.8,1475.8,1188.05,1265.3,44158412.0
2019-10-07 09:15:00,NSE:INDUSINDBK,1275.0,1321.0,1191.35,1223.2,39042004.0
2019-10-14 09:15:00,NSE:INDUSINDBK,1240.0,1361.7,1227.9,1342.65,24417003.0
2019-10-21 09:15:00,NSE:INDUSINDBK,1340.0,1357.85,1260.1,1276.65,17859306.0
2019-10-29 09:15:00,NSE:INDUSINDBK,1275.0,1385.85,1264.15,1379.85,22945834.0
2019-11-04 09:15:00,NSE:INDUSINDBK,1374.95,1453.95,1310.0,1422.8,23584227.0
2019-11-11 09:15:00,NSE:INDUSINDBK,1416.0,1462.45,1345.7,1359.0,17856657.0
2019-11-18 09:15:00,NSE:INDUSINDBK,1361.4,1502.05,1359.5,1446.15,22540903.0
2019-11-25 09:15:00,NSE:INDUSINDBK,1446.15,1581.6,1446.15,1569.1,24866640.0
2019-12-02 09:15:00,NSE:INDUSINDBK,1592.0,1596.55,1456.0,1465.85,17132045.0
2019-12-09 09:15:00,NSE:INDUSINDBK,1457.0,1493.95,1396.15,1485.4,14848678.0
2019-12-16 09:15:00,NSE:INDUSINDBK,1504.5,1508.5,1478.2,1487.95,13876432.0
2019-12-23 09:15:00,NSE:INDUSINDBK,1488.0,1540.0,1479.35,1524.9,10093899.0
2019-12-30 09:15:00,NSE:INDUSINDBK,1524.9,1552.5,1480.8,1528.85,11630469.0
2020-01-06 09:15:00,NSE:INDUSINDBK,1515.05,1521.65,1439.05,1491.25,16773537.0
2020-01-13 09:15:00,NSE:INDUSINDBK,1499.8,1585.0,1317.05,1352.25,53414908.0
2020-01-20 09:15:00,NSE:INDUSINDBK,1367.9,1367.9,1307.65,1316.1,22509572.0
2020-01-27 09:15:00,NSE:INDUSINDBK,1311.5,1312.0,1195.2,1211.1,33314441.0
2020-02-03 09:15:00,NSE:INDUSINDBK,1222.0,1346.05,1216.05,1298.8,28169735.0
2020-02-10 09:15:00,NSE:INDUSINDBK,1304.0,1309.9,1171.2,1176.0,34410248.0
2020-02-17 09:15:00,NSE:INDUSINDBK,1176.0,1209.0,1108.45,1182.2,51136273.0
2020-02-24 09:15:00,NSE:INDUSINDBK,1170.0,1189.5,1085.05,1104.05,36234891.0
2020-03-02 09:15:00,NSE:INDUSINDBK,1130.0,1136.95,913.79999,1014.8,41472332.0
2020-03-09 09:15:00,NSE:INDUSINDBK,950.0,969.95001,551.09998,803.75,64081874.0
2020-03-16 09:15:00,NSE:INDUSINDBK,747.0,758.70001,374.79999,440.35001,168267158.0
2020-03-23 09:15:00,NSE:INDUSINDBK,396.35001,538.54999,235.55,411.10001,173302992.0
2020-03-30 09:15:00,NSE:INDUSINDBK,370.0,427.70001,310.20001,313.20001,124816970.0
2020-04-07 09:15:00,NSE:INDUSINDBK,344.5,441.39999,344.5,395.39999,134745903.0
2020-04-13 09:15:00,NSE:INDUSINDBK,388.0,478.89999,371.25,474.45001,109266708.0
2020-04-20 09:15:00,NSE:INDUSINDBK,479.5,481.0,380.0,382.89999,113816399.0
2020-04-27 09:15:00,NSE:INDUSINDBK,394.20001,491.85001,387.0,468.14999,161394227.0
2020-05-04 09:15:00,NSE:INDUSINDBK,444.0,477.70001,408.5,440.35001,109104063.0
2020-05-11 09:15:00,NSE:INDUSINDBK,450.0,480.0,417.10001,418.70001,96751613.0
2020-05-18 09:15:00,NSE:INDUSINDBK,418.5,418.70001,330.0,338.35001,137416083.0
2020-05-26 09:15:00,NSE:INDUSINDBK,344.89999,405.79999,342.0,393.64999,134411027.0
2020-06-01 09:15:00,NSE:INDUSINDBK,402.29999,452.25,401.04999,422.35001,131790122.0
2020-06-08 09:15:00,NSE:INDUSINDBK,455.0,548.5,444.0,528.45001,262146780.0
2020-06-15 09:15:00,NSE:INDUSINDBK,525.0,525.0,456.29999,483.64999,203446668.0
2020-06-22 09:15:00,NSE:INDUSINDBK,490.04999,530.45001,461.0,492.54999,188172524.0
2020-06-29 09:15:00,NSE:INDUSINDBK,482.0,508.0,472.0,487.20001,96150863.0
2020-07-06 09:15:00,NSE:INDUSINDBK,498.0,577.5,492.45001,539.25,202421623.0
2020-07-13 09:15:00,NSE:INDUSINDBK,549.70001,555.0,490.25,520.79999,96519140.0
2020-07-20 09:15:00,NSE:INDUSINDBK,524.95001,541.65002,500.0,522.25,91029932.0
2020-07-27 09:15:00,NSE:INDUSINDBK,522.54999,564.75,505.0,523.75,91327184.0
2020-08-03 09:15:00,NSE:INDUSINDBK,521.95001,521.95001,483.25,509.0,83243541.0
2020-08-10 09:15:00,NSE:INDUSINDBK,512.0,530.45001,500.14999,507.20001,51186724.0
2020-08-17 09:15:00,NSE:INDUSINDBK,510.0,530.0,502.5,513.54999,43134171.0
2020-08-24 09:15:00,NSE:INDUSINDBK,518.0,689.0,516.0,665.65002,164673094.0
2020-08-31 09:15:00,NSE:INDUSINDBK,705.0,712.0,588.70001,616.15002,160980737.0
2020-09-07 09:15:00,NSE:INDUSINDBK,621.5,627.79999,588.65002,610.34998,71590191.0
2020-09-14 09:15:00,NSE:INDUSINDBK,617.09998,641.0,600.0,613.20001,60401487.0
2020-09-21 09:15:00,NSE:INDUSINDBK,612.90002,617.40002,485.0,514.84998,102318512.0
2020-09-28 09:15:00,NSE:INDUSINDBK,522.90002,597.04999,516.15002,592.20001,114363334.0
2020-10-05 09:15:00,NSE:INDUSINDBK,593.20001,638.5,592.0,623.04999,127749743.0
2020-10-12 09:15:00,NSE:INDUSINDBK,628.20001,632.5,593.34998,608.29999,64254000.0
2020-10-19 09:15:00,NSE:INDUSINDBK,607.54999,647.79999,599.54999,608.15002,79223614.0
2020-10-26 09:15:00,NSE:INDUSINDBK,617.0,633.29999,571.0,585.70001,80707082.0
2020-11-02 09:15:00,NSE:INDUSINDBK,590.0,747.0,590.0,738.65002,139614252.0
2020-11-09 09:15:00,NSE:INDUSINDBK,746.04999,870.0,735.04999,770.45001,196470408.0
2020-11-17 09:15:00,NSE:INDUSINDBK,777.90002,845.90002,772.25,811.0,95586149.0
2020-11-23 09:15:00,NSE:INDUSINDBK,836.0,880.90002,832.5,857.65002,110411189.0
2020-12-01 09:15:00,NSE:INDUSINDBK,863.0,920.0,858.09998,913.65002,52037958.0
2020-12-07 09:15:00,NSE:INDUSINDBK,915.0,953.5,905.0,923.75,54121700.0
2020-12-14 09:15:00,NSE:INDUSINDBK,927.0,948.0,887.54999,905.20001,48335366.0
2020-12-21 09:15:00,NSE:INDUSINDBK,905.20001,906.0,813.65002,852.79999,62714926.0
2020-12-28 09:15:00,NSE:INDUSINDBK,855.0,922.70001,853.0,900.15002,48707182.0
2021-01-04 09:15:00,NSE:INDUSINDBK,910.0,976.0,883.0,939.79999,51660095.0
2021-01-11 09:15:00,NSE:INDUSINDBK,942.90002,983.0,906.54999,965.90002,50781395.0
2021-01-18 09:15:00,NSE:INDUSINDBK,959.0,967.0,890.0,893.29999,43565143.0
2021-01-25 09:15:00,NSE:INDUSINDBK,906.0,912.34998,789.0,846.09998,60735219.0
2021-02-01 09:15:00,NSE:INDUSINDBK,859.0,1085.0,856.0,1025.1,126810209.0
2021-02-08 09:15:00,NSE:INDUSINDBK,1036.05,1059.5,1003.6,1027.4,42680855.0
2021-02-15 09:15:00,NSE:INDUSINDBK,1044.9,1096.5,1026.2,1065.9,60328695.0
2021-02-22 09:15:00,NSE:INDUSINDBK,1064.95,1119.5,1018.0,1062.95,47927646.0
2021-03-01 09:15:00,NSE:INDUSINDBK,1075.0,1116.0,1025.45,1039.9,37026229.0
2021-03-08 09:15:00,NSE:INDUSINDBK,1054.0,1060.0,1005.0,1022.65,35006170.0
2021-03-15 09:15:00,NSE:INDUSINDBK,1027.8,1049.9,981.1,1011.9,30530986.0
2021-03-22 09:15:00,NSE:INDUSINDBK,1006.0,1011.85,928.85,952.75,37757320.0
2021-03-30 09:15:00,NSE:INDUSINDBK,966.0,997.0,950.0,993.3,18218765.0
2021-04-05 09:15:00,NSE:INDUSINDBK,985.0,988.95,917.45,923.65,32789964.0
2021-04-12 09:15:00,NSE:INDUSINDBK,884.0,890.0,841.0,862.95,29654951.0
2021-04-19 09:15:00,NSE:INDUSINDBK,829.95,864.8,811.0,850.0,34203214.0
2021-04-26 09:15:00,NSE:INDUSINDBK,857.0,958.85,851.45,934.95,39521253.0
2021-05-03 09:15:00,NSE:INDUSINDBK,929.0,967.7,899.0,926.2,39454901.0
2021-05-10 09:15:00,NSE:INDUSINDBK,939.0,957.0,888.1,890.85,22063800.0
2021-05-17 09:15:00,NSE:INDUSINDBK,897.1,1020.0,897.1,1016.0,42917125.0
2021-05-24 09:15:00,NSE:INDUSINDBK,1018.9,1025.5,982.4,1019.35,22758190.0
2021-05-31 09:15:00,NSE:INDUSINDBK,1015.0,1037.25,964.05,1009.3,29663827.0
2021-06-07 09:15:00,NSE:INDUSINDBK,1018.0,1035.7,997.25,1015.1,17396484.0
2021-06-14 09:15:00,NSE:INDUSINDBK,1012.0,1050.0,960.0,995.4,24355875.0
2021-06-21 09:15:00,NSE:INDUSINDBK,977.0,1021.7,968.05,1012.9,17063625.0
2021-06-28 09:15:00,NSE:INDUSINDBK,1019.0,1027.55,1000.0,1009.65,14563224.0
2021-07-05 09:15:00,NSE:INDUSINDBK,1012.0,1061.0,1012.0,1039.95,16559751.0
2021-07-12 09:15:00,NSE:INDUSINDBK,1045.4,1067.4,1041.05,1044.3,9640011.0
2021-07-19 09:15:00,NSE:INDUSINDBK,1024.0,1034.7,977.0,989.3,12029295.0
2021-07-26 09:15:00,NSE:INDUSINDBK,989.3,1009.8,963.05,981.0,21042946.0
2021-08-02 09:15:00,NSE:INDUSINDBK,991.8,1048.0,985.45,1029.5,23221369.0
2021-08-09 09:15:00,NSE:INDUSINDBK,1031.0,1055.0,1020.0,1024.15,14702579.0
